{
    "h002_chain_000_75": 0.23161540155929444,
    "h002_chain_001_00": -0.007886006179998321,
    "h002_chain_001_25": -0.13500787092395938,
    "h004_chain_001_25": -0.2862368401424099,
    "h004_chain_000_75": 1.1635282831450988,
    "h004_chain_001_00": 0.16733428141986614,
    "h006_chain_001_25": -0.4784485971691632,
    "h006_chain_000_75": 2.0833438078697335,
    "h006_chain_001_00": 0.29620507518165234,
    "h008_chain_001_25": -0.7039785085022854,
    "h008_chain_000_75": 2.958729421222468,
    "h008_chain_001_00": 0.3874544504956244,
    "h010_chain_001_25": -0.941794693664708,
    "h010_chain_000_75": 3.8172742304437923,
    "h010_chain_001_00": 0.46085225844393657,
    "h012_chain_001_00": 0.5211205309225914,
    "h012_chain_000_75": 4.654561062397755,
    "h012_chain_001_25": -1.1902272245621552,
    "h014_chain_001_00": 0.5753576651125764,
    "h014_chain_000_75": 5.473094452417363,
    "h014_chain_001_25": -1.4480812717503089,
    "h016_chain_001_00": 0.6207514924391851,
    "h016_chain_001_25": -1.7114362659294862,
    "h016_chain_000_75": 6.3008656580185285
}