{
	"4": {
		"1": [
			0.030652428648445168,
			0.04278897043678162,
			0.3834955980670981,
			0.9371583970319841,
			0.019261957730636742,
			0.4359074441405395,
			0.3156112750219129,
			0.41266210306091977,
			0.27970375225915,
			0.24852753292102317,
			0.16046198557990013,
			0.2635137596346089,
			0.8375765736046398,
			0.6353530585346251,
			0.8443812841672594,
			0.7593242976509075,
			0.4887475165061882,
			0.689777635244061,
			0.8067617839327684,
			0.4025522458753076,
			0.40901959318593506,
			0.5201403944205374,
			0.11142483442877452,
			0.49369961549188723,
			0.4749163082425685,
			0.7924712465783873,
			0.3934267047135317,
			0.46191735509641374,
			0.4238458563943004,
			0.27537509904852475
		],
		"3": [
			0.09843306466332323,
			0.09649258691516284,
			0.31571496205222005,
			1.0049390330468622,
			-0.048518678284241314,
			0.36812680812566145,
			0.38339191103679093,
			0.4804427390757978,
			0.34748438827402806,
			0.31630816893590125,
			0.21416560205828133,
			0.31721737611299006,
			0.7697959375897617,
			0.7031336945495031,
			0.7766006481523814,
			0.8130279141292888,
			0.435043900027807,
			0.6360740187656797,
			0.7530581674543871,
			0.33477160986042953,
			0.46272320966431624,
			0.4664367779421562,
			0.1792054704436526,
			0.5474032319702685,
			0.5286199247209498,
			0.7246906105635093,
			0.44713032119191287,
			0.40821373861803256,
			0.47754947287268157,
			0.3431557350634028
		],
		"5": [
			0.10126896926047775,
			0.08842434486630128,
			0.32378320410108163,
			1.0077749376440168,
			-0.04045043623537975,
			0.3652909035285069,
			0.3805560064396364,
			0.4885109811246594,
			0.33941614622516647,
			0.3191440735330558,
			0.21132969746112681,
			0.3091491340641285,
			0.7669600329926073,
			0.7002977899523487,
			0.7794365527495358,
			0.8210961561781503,
			0.42697565797894543,
			0.6280057767168181,
			0.7558940720515416,
			0.331935705263275,
			0.4707914517131778,
			0.46360087334500166,
			0.17636956584649807,
			0.5554714740191301,
			0.5257840201237953,
			0.7327588526123708,
			0.4442944165947583,
			0.41628198066689415,
			0.4803853774698361,
			0.34599163966055735
		],
		"7": [
			0.14114092741504525,
			0.12829630302086878,
			0.3290223038727648,
			1.0025358378723335,
			-0.08032239438994725,
			0.3705300033001901,
			0.4204279645942039,
			0.4486390229700919,
			0.379288104379734,
			0.324383173304739,
			0.2512016556156943,
			0.26927717590956096,
			0.761720933220924,
			0.705536889724032,
			0.7846756525212191,
			0.7812241980235828,
			0.46684761613351294,
			0.5881338185622506,
			0.7611331718232248,
			0.3718076634178425,
			0.4309194935586103,
			0.46883997311668485,
			0.21624152400106555,
			0.5502323742474469,
			0.5205449203521121,
			0.7726308107669384,
			0.48416637474932583,
			0.42152108043857733,
			0.48562447724151936,
			0.30611968150598984
		],
		"9": [
			0.1405008546459895,
			0.12652647227501843,
			0.32725247312691447,
			1.0031759106413891,
			-0.07968232162089149,
			0.36876017255433974,
			0.41865813384835354,
			0.44799895020103614,
			0.37992817714878974,
			0.32615300405058933,
			0.25297148636154465,
			0.2699172486786167,
			0.7610808604518683,
			0.7037670589781816,
			0.7853157252902748,
			0.7794543672777324,
			0.4686174468793633,
			0.5887738913313063,
			0.7617732445922806,
			0.37357749416369285,
			0.43268932430446067,
			0.4706098038625352,
			0.2180113547469159,
			0.5508724470165026,
			0.5199048475830563,
			0.770860980021088,
			0.4848064475183816,
			0.4221611532076331,
			0.4873943079873697,
			0.3067597542750456
		],
		"11": [
			0.16607467817542423,
			0.10095264874558368,
			0.35282629665634924,
			0.9810644504511719,
			-0.10525614515032625,
			0.34318634902490497,
			0.4442319573777883,
			0.47011041039125334,
			0.4055020006782245,
			0.34826446424080654,
			0.2785453098909794,
			0.2920287088688339,
			0.7355070369224336,
			0.6781932354487469,
			0.7632042651000576,
			0.7573429070875152,
			0.4907289070695805,
			0.5632000678018716,
			0.7873470681217153,
			0.35146603397347564,
			0.45480078449467787,
			0.44503598033310043,
			0.24012281493713314,
			0.5729839072067199,
			0.545478671112491,
			0.7964348035505228,
			0.4626949873281644,
			0.3965873296781983,
			0.46182048445793494,
			0.33233357780448036
		],
		"13": [
			0.16450106247419868,
			0.10252626444680923,
			0.3543999123575748,
			0.9612112961833748,
			-0.1068297608515518,
			0.363039503292702,
			0.42437880310999126,
			0.4685367946900278,
			0.42535515494602155,
			0.3284113099730095,
			0.27697169418975387,
			0.29360232457005947,
			0.7156538826546365,
			0.6797668511499725,
			0.7647778808012832,
			0.7771960613553123,
			0.48915529136835495,
			0.5647736835030972,
			0.8072002223895124,
			0.3713191882412727,
			0.4563744001959034,
			0.4251828260653034,
			0.2385491992359076,
			0.592837061474517,
			0.5439050554112654,
			0.8162879578183199,
			0.46112137162693884,
			0.39816094537942387,
			0.4419673301901379,
			0.3307599621032548
		],
		"15": [
			0.1625448826753975,
			0.10057008464800803,
			0.356356092156376,
			0.9790054676164774,
			-0.10487358105275059,
			0.3649956830915032,
			0.4421729745430939,
			0.45074262325692516,
			0.42731133474482275,
			0.3264551301742083,
			0.25917752275665124,
			0.2916461447712583,
			0.6978597112215338,
			0.6778106713511712,
			0.7825720522343859,
			0.794990232788415,
			0.48719911156955376,
			0.5667298633018985,
			0.8091564021883136,
			0.3891133596743753,
			0.4583305799947046,
			0.4271390058641046,
			0.25634337066901025,
			0.5947932412733182,
			0.5261108839781627,
			0.8340821292514226,
			0.46307755142574003,
			0.40011712517822506,
			0.42417315875703526,
			0.3288037823044536
		],
		"17": [
			0.1638240122576724,
			0.10119063295917807,
			0.3576352217386509,
			0.9796260159276475,
			-0.10615271063502552,
			0.36371655350922827,
			0.44089384496081896,
			0.45136317156809524,
			0.42669078643365266,
			0.3270756784853784,
			0.2604566523389262,
			0.29036701518898334,
			0.6965805816392588,
			0.6765315417688963,
			0.7812929226521109,
			0.7943696844772449,
			0.4859199819872788,
			0.5654507337196235,
			0.8078772726060387,
			0.39039248925665027,
			0.4589511283058747,
			0.42775955417527467,
			0.2550642410867353,
			0.5960723708555932,
			0.5254903356669927,
			0.8328029996691476,
			0.4617984218434651,
			0.40073767348939515,
			0.4254522883393102,
			0.33008291188672856
		],
		"19": [
			0.17268727962100835,
			0.1057096730979761,
			0.34877195437531494,
			0.9884892832909835,
			-0.11067175077382355,
			0.35919751337043027,
			0.44975711232415494,
			0.44249990420475926,
			0.43120982657245066,
			0.33593894584871437,
			0.2649756924777242,
			0.2992302825523193,
			0.7010996217780568,
			0.6676682744055603,
			0.7724296552887749,
			0.7988887246160429,
			0.4947832493506148,
			0.5565874663562875,
			0.7990140052427027,
			0.39491152939544827,
			0.4544320881670767,
			0.4188962868119387,
			0.24620097372339933,
			0.6049356382189292,
			0.5166270683036567,
			0.8239397323058116,
			0.4663174619822631,
			0.39187440612605917,
			0.4209332482005122,
			0.33894617925006454
		],
		"21": [
			0.15860859885975637,
			0.0916309923367241,
			0.3346932736140629,
			0.9895965348765793,
			-0.10956449918822785,
			0.360304764956026,
			0.46383579308540696,
			0.4565785849660113,
			0.4452885073337027,
			0.3500176266099664,
			0.2660829440633199,
			0.2851516017910673,
			0.7022068733636526,
			0.6817469551668123,
			0.7713224037031792,
			0.7848100438547909,
			0.4807045685893628,
			0.5425087855950356,
			0.8130926860039547,
			0.396018780981044,
			0.453324836581481,
			0.4329749675731907,
			0.26027965448465135,
			0.6190143189801811,
			0.5177343198892524,
			0.8228324807202159,
			0.4674247135678588,
			0.39076715454046346,
			0.4198259966149165,
			0.3378389276644688
		],