{
    "h002_chain_000_75": 0.23106088963401544,
    "h002_chain_001_00": -0.0075525425680611795,
    "h002_chain_001_25": -0.1349283399169209,
    "h004_chain_001_25": -0.28523394061281715,
    "h004_chain_000_75": 1.1604788812396303,
    "h004_chain_001_00": 0.16902580160229752,
    "h006_chain_001_25": -0.47569820920536326,
    "h006_chain_000_75": 2.0836247286027647,
    "h006_chain_001_00": 0.29701869572216455,
    "h008_chain_001_25": -0.7049385769958858,
    "h008_chain_000_75": 2.9580542137249886,
    "h008_chain_001_00": 0.3887049973705701,
    "h010_chain_001_25": -0.9428133408521946,
    "h010_chain_000_75": 3.818754634991925,
    "h010_chain_001_00": 0.46045341951922797,
    "h012_chain_001_00": 0.5195258074987601,
    "h012_chain_000_75": 4.651793147863829,
    "h012_chain_001_25": -1.1921819366823028,
    "h014_chain_001_00": 0.5709792771407628,
    "h014_chain_000_75": 5.4791591514625955,
    "h014_chain_001_25": -1.4492499719220264,
    "h016_chain_001_00": 0.6224586673370391,
    "h016_chain_001_25": -1.7091167793590656,
    "h016_chain_000_75": 6.298166895011486
}