{
    "atoms": [
        "H",
        "H"
    ],
    "x": [
        0.0,
        0.0
    ],
    "y": [
        0.0,
        0.0
    ],
    "z": [
        -0.625,
        0.625
    ],
    "paired_hamiltonian": {
        "II": -0.13566483543472235,
        "IZ": 0.2251250191571918,
        "ZI": -0.14722118724272332,
        "ZZ": 0.4811027722562539,
        "XX": 0.10655120065707543,
        "YY": 0.10655120065707543
    },
    "jordan_wigner_hamiltonian": {
        "IIII": -0.4359474153803956,
        "IIIZ": 0.11256250957859591,
        "IIZI": -0.07361059362136169,
        "IZII": 0.11256250957859577,
        "ZIII": -0.0736105936213618,
        "IIZZ": 0.09363789289979463,
        "IZIZ": 0.146378377382232,
        "YYYY": 0.053275600328537724,
        "XXYY": 0.053275600328537724,
        "YYXX": 0.053275600328537724,
        "XXXX": 0.053275600328537724,
        "ZIIZ": 0.14691349322833233,
        "IZZI": 0.14691349322833236,
        "ZIZI": 0.15390420256344203,
        "ZZII": 0.09363789289979463
    },
    "hf_energy": -0.9891138140908916,
    "nuclear_repulsion_energy": 0.42334176873600005,
    "spatial_orbitals": 2,
    "alpha_electrons": 1,
    "beta_electrons": 1
}