{
    "atoms": [
        "H",
        "H",
        "H",
        "H"
    ],
    "x": [
        0.0,
        0.0,
        0.0,
        0.0
    ],
    "y": [
        0.0,
        0.0,
        0.0,
        0.0
    ],
    "z": [
        -1.875,
        -0.625,
        0.625,
        1.875
    ],
    "paired_hamiltonian": {
        "IIII": -0.2858189591591289,
        "IIIZ": 0.29247734204723475,
        "IIZI": 0.16053543123174369,
        "IIZZ": 0.31313057642031483,
        "IIXX": 0.07894756378665012,
        "IIYY": 0.07894756378665012,
        "IZII": -0.06708808986859657,
        "IZIZ": 0.3432414515865503,
        "IXIX": 0.05525194710675667,
        "IYIY": 0.05525194710675667,
        "ZIII": -0.37220160931559126,
        "ZIIZ": 0.4132820259988716,
        "XIIX": 0.051491884437880955,
        "YIIY": 0.051491884437880955,
        "IZZI": 0.33740635237296845,
        "IXXI": 0.06922678899804063,
        "IYYI": 0.06922678899804063,
        "ZIZI": 0.3581482320800432,
        "XIXI": 0.05536605868876773,
        "YIYI": 0.05536605868876773,
        "ZZII": 0.34136824446158986,
        "XXII": 0.08321434740865002,
        "YYII": 0.08321434740865002
    },
    "jordan_wigner_hamiltonian": {
        "IIIIIIII": -0.731261394345547,
        "IIIIIIIZ": 0.14623867102361682,
        "IIIIIYZY": 0.006465200479116577,
        "IIIIIXZX": 0.006465200479116577,
        "IIIIIIZI": 0.0802677156158717,
        "IIIIYZYI": 0.013401096490779866,
        "IIIIXZXI": 0.013401096490779866,
        "IIIIIZII": -0.0335440449342982,
        "IIIIZIII": -0.18610080465779547,
        "IIIZIIII": 0.1462386710236171,
        "IYZYIIII": 0.006465200479116575,
        "IXZXIIII": 0.006465200479116575,
        "IIZIIIII": 0.08026771561587162,
        "YZYIIIII": 0.013401096490779868,
        "XZXIIIII": 0.013401096490779864,
        "IZIIIIII": -0.03354404493429805,
        "ZIIIIIII": -0.18610080465779563,
        "IIIIIIZZ": 0.058545753158416175,
        "IIIIYZYZ": -0.009167496908759374,
        "IIIIXZXZ": -0.009167496908759372,
        "IIIIIZIZ": 0.07199737611994839,
        "IIIIZIIZ": 0.09044753539024769,
        "IIIIIYIY": 0.019152439297158954,
        "IIIIIXIX": 0.019152439297158954,
        "IIIIYXXY": -0.009719934427165228,
        "IIIIYYYY": -0.022203991577119324,
        "IIIIXXYY": -0.012484057149954096,
        "IIIIYYXX": -0.012484057149954096,
        "IIIIXXXX": -0.022203991577119324,
        "IIIIXYYX": -0.009719934427165228,
        "IIIIZYZY": 0.009635435187820021,
        "IIIIZXZX": 0.009635435187820021,
        "IIIZIIIZ": 0.11126515230208048,
        "IIIZIYZY": 0.018362683184973302,
        "IIIZIXZX": 0.018362683184973302,
        "IIYYIIYY": 0.03947378189332506,
        "IIXXIIYY": 0.03947378189332506,
        "IIYYIIXX": 0.03947378189332506,
        "IIXXIIXX": 0.03947378189332506,
        "IIYYYZZY": 0.009813651021394542,
        "IIXXYZZY": 0.009813651021394542,
        "IIYYXZZX": 0.009813651021394542,
        "IIXXXZZX": 0.009813651021394542,
        "IYZYIIIZ": 0.018362683184973302,
        "IXZXIIIZ": 0.018362683184973302,
        "IYZYIYZY": 0.027625973553378338,
        "IXZXIYZY": 0.027625973553378338,
        "IYZYIXZX": 0.027625973553378338,
        "IXZXIXZX": 0.027625973553378338,
        "YZZYIIYY": 0.00981365102139454,
        "XZZXIIYY": 0.00981365102139454,
        "YZZYIIXX": 0.00981365102139454,
        "XZZXIIXX": 0.00981365102139454,
        "YZZYYZZY": 0.025745942218940478,
        "XZZXYZZY": 0.025745942218940478,
        "YZZYXZZX": 0.025745942218940478,
        "XZZXXZZX": 0.025745942218940478,
        "IIZIIIIZ": 0.09801953505174124,
        "IIZIIYZY": -0.0034532950964180917,
        "IIZIIXZX": -0.0034532950964180917,
        "IYYIIIYY": 0.022605734393577045,
        "IXXIIIYY": 0.022605734393577045,
        "IYYIIIXX": 0.022605734393577045,
        "IXXIIIXX": 0.022605734393577045,
        "IYYIYZZY": -0.01671189954347829,
        "IXXIYZZY": -0.01671189954347829,
        "IYYIXZZX": -0.01671189954347829,
        "IXXIXZZX": -0.01671189954347829,
        "YZYIIIIZ": -0.018981147930153916,
        "XZXIIIIZ": -0.018981147930153916,
        "YZYIIYZY": -0.02643183397064352,
        "XZXIIYZY": -0.02643183397064352,
        "YZYIIXZX": -0.02643183397064352,
        "XZXIIXZX": -0.02643183397064352,
        "IZIIIIIZ": 0.09962334967332674,
        "IZIIIYZY": -0.0011712795960174692,
        "IZIIIXZX": -0.0011712795960174692,
        "YYIIIIYY": -0.03891589112059761,
        "XXIIIIYY": -0.03891589112059761,
        "YYIIIIXX": -0.03891589112059761,
        "XXIIIIXX": -0.03891589112059761,
        "YYIIYZZY": -0.009497787037040148,
        "XXIIYZZY": -0.009497787037040148,
        "YYIIXZZX": -0.009497787037040148,
        "XXIIXZZX": -0.009497787037040148,
        "ZIIIIIIZ": 0.11619347760918816,
        "ZIIIIYZY": 0.01913322222486017,
        "ZIIIIXZX": 0.01913322222486017,
        "IIIIIZZI": 0.06704489084373194,
        "IIIIZIZI": 0.07569554334781889,
        "IIIIYIYI": -0.021568357243649222,
        "IIIIXIXI": -0.021568357243649222,
        "IIIZIIZI": 0.09801953505174124,
        "IIIZYZYI": -0.018981147930153916,
        "IIIZXZXI": -0.018981147930153916,
        "IIYYIYYI": 0.02260573439357705,
        "IIXXIYYI": 0.02260573439357705,
        "IIYYIXXI": 0.02260573439357705,
        "IIXXIXXI": 0.02260573439357705,
        "IYZYIIZI": -0.0034532950964180917,
        "IXZXIIZI": -0.0034532950964180917,
        "IYZYYZYI": -0.02643183397064352,
        "IXZXYZYI": -0.02643183397064352,
        "IYZYXZXI": -0.02643183397064352,
        "IXZXXZXI": -0.02643183397064352,
        "YZZYIYYI": -0.01671189954347829,
        "XZZXIYYI": -0.01671189954347829,
        "YZZYIXXI": -0.01671189954347829,
        "XZZXIXXI": -0.01671189954347829,
        "IIZIIIZI": 0.10232708542802493,
        "IIZIYZYI": 0.0012041887928039582,
        "IIZIXZXI": 0.0012041887928039582,
        "IYYIIYYI": 0.03461339449902032,
        "IXXIIYYI": 0.03461339449902032,
        "IYYIIXXI": 0.03461339449902032,
        "IXXIIXXI": 0.03461339449902032,
        "YZYIIIZI": 0.0012041887928039585,
        "XZXIIIZI": 0.0012041887928039585,
        "YZYIYZYI": 0.027683029344383867,
        "XZXIYZYI": 0.027683029344383867,
        "YZYIXZXI": 0.027683029344383867,
        "XZXIXZXI": 0.027683029344383867,
        "IZIIIIZI": 0.10165828534275226,
        "IZIIYZYI": 0.0018151279839121045,
        "IZIIXZXI": 0.0018151279839121045,
        "YYIIIYYI": -0.023383485227561326,
        "XXIIIYYI": -0.023383485227561326,
        "YYIIIXXI": -0.023383485227561326,
        "XXIIIXXI": -0.023383485227561326,
        "ZIIIIIZI": 0.10337857269220273,
        "ZIIIYZYI": -0.02059189418205238,
        "ZIIIXZXI": -0.02059189418205238,
        "IIIIZZII": 0.06453847426323497,
        "IIIZIZII": 0.09962334967332674,
        "IIYYYYII": -0.03891589112059761,
        "IIXXYYII": -0.03891589112059761,
        "IIYYXXII": -0.03891589112059761,
        "IIXXXXII": -0.03891589112059761,
        "IYZYIZII": -0.0011712795960174692,
        "IXZXIZII": -0.0011712795960174692,
        "YZZYYYII": -0.00949778703704015,
        "XZZXYYII": -0.00949778703704015,
        "YZZYXXII": -0.00949778703704015,
        "XZZXXXII": -0.00949778703704015,
        "IIZIIZII": 0.10165828534275226,
        "IYYIYYII": -0.02338348522756133,
        "IXXIYYII": -0.02338348522756133,
        "IYYIXXII": -0.02338348522756133,
        "IXXIXXII": -0.02338348522756133,
        "YZYIIZII": 0.001815127983912104,
        "XZXIIZII": 0.001815127983912104,
        "IZIIIZII": 0.10532848480118287,
        "YYIIYYII": 0.04160717370432501,
        "XXIIYYII": 0.04160717370432501,
        "YYIIXXII": 0.04160717370432501,
        "XXIIXXII": 0.04160717370432501,
        "ZIIIIZII": 0.10614564796755997,
        "IIIZZIII": 0.11619347760918816,
        "IYZYZIII": 0.01913322222486017,
        "IXZXZIII": 0.01913322222486017,
        "IIZIZIII": 0.10337857269220273,