{
    "atoms": [
        "H",
        "H",
        "H",
        "H"
    ],
    "x": [
        0.0,
        0.0,
        0.0,
        0.0
    ],
    "y": [
        0.0,
        0.0,
        0.0,
        0.0
    ],
    "z": [
        -1.125,
        -0.375,
        0.375,
        1.125
    ],
    "paired_hamiltonian": {
        "IIII": 1.161046358533791,
        "IIIZ": 0.46311736671693127,
        "IIZI": 0.17633824893825295,
        "IIZZ": 0.41767041700959584,
        "IIXX": 0.07753979440924316,
        "IIYY": 0.07753979440924316,
        "IZII": -0.3373899990890519,
        "IZIZ": 0.4603666761757785,
        "IXIX": 0.05351514360408638,
        "IYIY": 0.05351514360408638,
        "ZIII": -1.249008218426625,
        "ZIIZ": 0.5578589157008829,
        "XIIX": 0.0465649600847822,
        "YIIY": 0.0465649600847822,
        "IZZI": 0.4376283438851791,
        "IXXI": 0.06947505415268786,
        "IYYI": 0.06947505415268786,
        "ZIZI": 0.4850700249629124,
        "XIXI": 0.05046874195026841,
        "YIYI": 0.05046874195026841,
        "ZZII": 0.48477019535235283,
        "XXII": 0.07864798061969488,
        "YYII": 0.07864798061969488
    },
    "jordan_wigner_hamiltonian": {
        "IIIIIIII": 0.5840651472669558,
        "IIIIIIIZ": 0.23155868335846652,
        "IIIIIYZY": 0.0024785837676596103,
        "IIIIIXZX": 0.002478583767659607,
        "IIIIIIZI": 0.08816912446912717,
        "IIIIYZYI": 0.023617156516608763,
        "IIIIXZXI": 0.023617156516608763,
        "IIIIIZII": -0.16869499954452571,
        "IIIIZIII": -0.6245041092133126,
        "IIIZIIII": 0.23155868335846574,
        "IYZYIIII": 0.0024785837676595743,
        "IXZXIIII": 0.0024785837676595743,
        "IIZIIIII": 0.08816912446912711,
        "YZYIIIII": 0.023617156516608832,
        "XZXIIIII": 0.023617156516608832,
        "IZIIIIII": -0.16869499954452577,
        "ZIIIIIII": -0.6245041092133128,
        "IIIIIIZZ": 0.08503265565008819,
        "IIIIYZYZ": -0.012223002937485437,
        "IIIIXZXZ": -0.012223002937485437,
        "IIIIIZIZ": 0.10171288314292302,
        "IIIIZIIZ": 0.1278234889040252,
        "IIIIIYIY": 0.025771261432049213,
        "IIIIIXIX": 0.025771261432049213,
        "IIIIYXXY": -0.013667420629446784,
        "IIIIYYYY": -0.026429302593468606,
        "IIIIXXYY": -0.012761881964021825,
        "IIIIYYXX": -0.012761881964021825,
        "IIIIXXXX": -0.026429302593468606,
        "IIIIXYYX": -0.013667420629446784,
        "IIIIZYZY": 0.01409411616898509,
        "IIIIZXZX": 0.01409411616898509,
        "IIIZIIIZ": 0.14146732830546574,
        "IIIZIYZY": 0.023375458226944618,
        "IIIZIXZX": 0.023375458226944618,
        "IIYYIIYY": 0.03876989720462158,
        "IIXXIIYY": 0.03876989720462158,
        "IIYYIIXX": 0.03876989720462158,
        "IIXXIIXX": 0.03876989720462158,
        "IIYYYZZY": 0.012077607228220232,
        "IIXXYZZY": 0.012077607228220232,
        "IIYYXZZX": 0.012077607228220232,
        "IIXXXZZX": 0.012077607228220232,
        "IYZYIIIZ": 0.023375458226944618,
        "IXZXIIIZ": 0.023375458226944618,
        "IYZYIYZY": 0.026757571802043193,
        "IXZXIYZY": 0.026757571802043193,
        "IYZYIXZX": 0.026757571802043193,
        "IXZXIXZX": 0.026757571802043193,
        "YZZYIIYY": 0.012077607228220232,
        "XZZXIIYY": 0.012077607228220232,
        "YZZYIIXX": 0.012077607228220232,
        "XZZXIIXX": 0.012077607228220232,
        "YZZYYZZY": 0.02328248004239109,
        "XZZXYZZY": 0.02328248004239109,
        "YZZYXZZX": 0.02328248004239109,
        "XZZXXZZX": 0.02328248004239109,
        "IIZIIIIZ": 0.12380255285470974,
        "IIZIIYZY": -0.0006095279486286807,
        "IIZIIXZX": -0.0006095279486286807,
        "IYYIIIYY": 0.026380789380677894,
        "IXXIIIYY": 0.026380789380677894,
        "IYYIIIXX": 0.026380789380677894,
        "IXXIIIXX": 0.026380789380677894,
        "IYYIYZZY": -0.009582618212910418,
        "IXXIYZZY": -0.009582618212910418,
        "IYYIXZZX": -0.009582618212910418,
        "IXXIXZZX": -0.009582618212910418,
        "YZYIIIIZ": -0.024300610165705668,
        "XZXIIIIZ": -0.024300610165705668,
        "YZYIIYZY": -0.023250038842357202,
        "XZXIIYZY": -0.023250038842357202,
        "YZYIIXZX": -0.023250038842357202,
        "XZXIIXZX": -0.023250038842357202,
        "IZIIIIIZ": 0.12847045494496623,
        "IZIIIYZY": 0.0062510416062897525,
        "IZIIIXZX": 0.0062510416062897525,
        "YYIIIIYY": -0.03601192080637903,
        "XXIIIIYY": -0.03601192080637903,
        "YYIIIIXX": -0.03601192080637903,
        "XXIIIIXX": -0.03601192080637903,
        "YYIIYZZY": -0.011619344420566072,
        "XXIIYZZY": -0.011619344420566072,
        "YYIIXZZX": -0.011619344420566072,
        "XXIIXZZX": -0.011619344420566072,
        "ZIIIIIIZ": 0.15110596894641626,
        "ZIIIIYZY": 0.02571346058955117,
        "ZIIIIXZX": 0.02571346058955117,
        "IIIIIZZI": 0.09203832243312281,
        "IIIIZIZI": 0.108650320753161,
        "IIIIYIYI": -0.03090808692360013,
        "IIIIXIXI": -0.03090808692360013,
        "IIIZIIZI": 0.12380255285470974,
        "IIIZYZYI": -0.02430061016570567,
        "IIIZXZXI": -0.02430061016570567,
        "IIYYIYYI": 0.026380789380677894,
        "IIXXIYYI": 0.026380789380677894,
        "IIYYIXXI": 0.026380789380677894,
        "IIXXIXXI": 0.026380789380677894,
        "IYZYIIZI": -0.0006095279486286807,
        "IXZXIIZI": -0.0006095279486286807,
        "IYZYYZYI": -0.023250038842357202,
        "IXZXYZYI": -0.023250038842357202,
        "IYZYXZXI": -0.023250038842357202,
        "IXZXXZXI": -0.023250038842357202,
        "YZZYIYYI": -0.009582618212910418,
        "XZZXIYYI": -0.009582618212910418,
        "YZZYIXXI": -0.009582618212910418,
        "XZZXIXXI": -0.009582618212910418,
        "IIZIIIZI": 0.12832090161894924,
        "IIZIYZYI": -0.004296433515690601,
        "IIZIXZXI": -0.004296433515690601,
        "IYYIIYYI": 0.03473752707634392,
        "IXXIIYYI": 0.03473752707634392,
        "IYYIIXXI": 0.03473752707634392,
        "IXXIIXXI": 0.03473752707634392,
        "YZYIIIZI": -0.004296433515690601,
        "XZXIIIZI": -0.004296433515690601,
        "YZYIYZYI": 0.02523437097513421,
        "XZXIYZYI": 0.02523437097513421,
        "YZYIXZXI": 0.02523437097513421,
        "XZXIXZXI": 0.02523437097513421,
        "IZIIIIZI": 0.12677584950946674,
        "IZIIYZYI": -0.005067125645600542,
        "IZIIXZXI": -0.005067125645600542,
        "YYIIIYYI": -0.025840961277999584,
        "XXIIIYYI": -0.025840961277999584,
        "YYIIIXXI": -0.025840961277999584,
        "XXIIIXXI": -0.025840961277999584,
        "ZIIIIIZI": 0.1338846917282952,
        "ZIIIYZYI": -0.028461981357665388,
        "ZIIIXZXI": -0.028461981357665388,
        "IIIIZZII": 0.1015305536831645,
        "IIIZIZII": 0.12847045494496623,
        "IIYYYYII": -0.036011920806379036,
        "IIXXYYII": -0.036011920806379036,
        "IIYYXXII": -0.036011920806379036,
        "IIXXXXII": -0.036011920806379036,
        "IYZYIZII": 0.006251041606289752,
        "IXZXIZII": 0.006251041606289752,
        "YZZYYYII": -0.011619344420566075,
        "XZZXYYII": -0.011619344420566075,
        "YZZYXXII": -0.011619344420566075,
        "XZZXXXII": -0.011619344420566075,
        "IIZIIZII": 0.12677584950946674,
        "IYYIYYII": -0.02584096127799958,
        "IXXIYYII": -0.02584096127799958,
        "IYYIXXII": -0.02584096127799958,
        "IXXIXXII": -0.02584096127799958,
        "YZYIIZII": -0.005067125645600542,
        "XZXIIZII": -0.005067125645600542,
        "IZIIIZII": 0.13368708442199914,
        "YYIIYYII": 0.039323990309847456,
        "XXIIYYII": 0.039323990309847456,
        "YYIIXXII": 0.039323990309847456,
        "XXIIXXII": 0.039323990309847456,
        "ZIIIIZII": 0.14085454399301195,
        "IIIZZIII": 0.15110596894641626,
        "IYZYZIII": 0.025713460589551165,
        "IXZXZIII": 0.025713460589551165,
        "IIZIZIII": 0.1338846917282952,