{
    "atoms": [
        "H",
        "H"
    ],
    "x": [
        0.0,
        0.0
    ],
    "y": [
        0.0,
        0.0
    ],
    "z": [
        -0.375,
        0.375
    ],
    "paired_hamiltonian": {
        "II": 0.2324352184350918,
        "IZ": 0.33976904055880747,
        "ZI": -0.43772613562439283,
        "ZZ": 0.5710914911904936,
        "XX": 0.09088576828865239,
        "YY": 0.09088576828865239
    },
    "jordan_wigner_hamiltonian": {
        "IIII": -0.1097305560670091,
        "IIIZ": 0.16988452027940393,
        "IIZI": -0.2188630678121964,
        "IZII": 0.16988452027940376,
        "ZIII": -0.21886306781219642,
        "IIZZ": 0.12005143072546032,
        "IZIZ": 0.16821198673715723,
        "YYYY": 0.04544288414432619,
        "XXYY": 0.04544288414432619,
        "YYXX": 0.04544288414432619,
        "XXXX": 0.04544288414432619,
        "ZIIZ": 0.1654943148697865,
        "IZZI": 0.1654943148697865,
        "ZIZI": 0.17395378776494128,
        "ZZII": 0.12005143072546032
    },
    "hf_energy": -1.1161514489386022,
    "nuclear_repulsion_energy": 0.70556961456,
    "spatial_orbitals": 2,
    "alpha_electrons": 1,
    "beta_electrons": 1
}