{
    "atoms": [
        "H",
        "H"
    ],
    "x": [
        0.0,
        0.0
    ],
    "y": [
        0.0,
        0.0
    ],
    "z": [
        -0.5,
        0.5
    ],
    "paired_hamiltonian": {
        "II": -0.007739878056785998,
        "IZ": 0.2743314587419901,
        "ZI": -0.2607258411421822,
        "ZZ": 0.5233114713769782,
        "XX": 0.09839529174273512,
        "YY": 0.09839529174273512
    },
    "jordan_wigner_hamiltonian": {
        "IIII": -0.3276081896748113,
        "IIIZ": 0.13716572937099464,
        "IIZI": -0.1303629205710911,
        "IZII": 0.13716572937099497,
        "ZIII": -0.13036292057109095,
        "IIZZ": 0.10622904490856075,
        "IZIZ": 0.15660062488237947,
        "YYYY": 0.04919764587136755,
        "XXYY": 0.04919764587136755,
        "YYXX": 0.04919764587136755,
        "XXXX": 0.04919764587136755,
        "ZIIZ": 0.15542669077992832,
        "IZZI": 0.15542669077992832,
        "ZIZI": 0.16326768673564349,
        "ZZII": 0.10622904490856075
    },
    "hf_energy": -1.0661086493179366,
    "nuclear_repulsion_energy": 0.52917721092,
    "spatial_orbitals": 2,
    "alpha_electrons": 1,
    "beta_electrons": 1
}