{
    "atoms": [
        "H",
        "H",
        "H",
        "H"
    ],
    "x": [
        0.0,
        0.0,
        0.0,
        0.0
    ],
    "y": [
        0.0,
        0.0,
        0.0,
        0.0
    ],
    "z": [
        -1.125,
        -0.375,
        0.375,
        1.125
    ],
    "paired_hamiltonian": {
        "IIII": 1.1610463585337916,
        "IIIZ": 0.46311736671693077,
        "IIZI": 0.17633824893825276,
        "IIZZ": 0.41767041700959584,
        "IIXX": 0.07753979440924325,
        "IIYY": 0.07753979440924325,
        "IZII": -0.3373899990890528,
        "IZIZ": 0.4603666761757787,
        "IXIX": 0.05351514360408641,
        "IYIY": 0.05351514360408641,
        "ZIII": -1.2490082184266256,
        "ZIIZ": 0.5578589157008822,
        "XIIX": 0.046564960084782114,
        "YIIY": 0.046564960084782114,
        "IZZI": 0.43762834388517985,
        "IXXI": 0.0694750541526878,
        "IYYI": 0.0694750541526878,
        "ZIZI": 0.48507002496291307,
        "XIXI": 0.05046874195026847,
        "YIYI": 0.05046874195026847,
        "ZZII": 0.4847701953523537,
        "XXII": 0.07864798061969519,
        "YYII": 0.07864798061969519
    },
    "jordan_wigner_hamiltonian": {
        "IIIIIIII": 0.5840651472669567,
        "IIIIIIIZ": 0.23155868335846586,
        "IIIIIYZY": 0.0024785837676599425,
        "IIIIIXZX": 0.0024785837676599112,
        "IIIIIIZI": 0.0881691244691265,
        "IIIIYZYI": 0.023617156516609193,
        "IIIIXZXI": 0.02361715651660916,
        "IIIIIZII": -0.16869499954452633,
        "IIIIZIII": -0.6245041092133127,
        "IIIZIIII": 0.23155868335846552,
        "IYZYIIII": 0.0024785837676599724,
        "IXZXIIII": 0.0024785837676599715,
        "IIZIIIII": 0.08816912446912606,
        "YZYIIIII": 0.02361715651660919,
        "XZXIIIII": 0.02361715651660919,
        "IZIIIIII": -0.16869499954452608,
        "ZIIIIIII": -0.6245041092133123,
        "IIIIIIZZ": 0.08503265565008813,
        "IIIIYZYZ": -0.01222300293748544,
        "IIIIXZXZ": -0.01222300293748544,
        "IIIIIZIZ": 0.10171288314292307,
        "IIIIZIIZ": 0.12782348890402506,
        "IIIIIYIY": 0.025771261432049206,
        "IIIIIXIX": 0.0257712614320492,
        "IIIIYXXY": -0.013667420629446767,
        "IIIIYYYY": -0.02642930259346863,
        "IIIIXXYY": -0.01276188196402186,
        "IIIIYYXX": -0.01276188196402186,
        "IIIIXXXX": -0.02642930259346863,
        "IIIIXYYX": -0.013667420629446767,
        "IIIIZYZY": 0.014094116168985073,
        "IIIIZXZX": 0.014094116168985073,
        "IIIZIIIZ": 0.14146732830546552,
        "IIIZIYZY": 0.023375458226944562,
        "IIIZIXZX": 0.023375458226944562,
        "IIYYIIYY": 0.03876989720462162,
        "IIXXIIYY": 0.03876989720462162,
        "IIYYIIXX": 0.03876989720462162,
        "IIXXIIXX": 0.03876989720462162,
        "IIYYYZZY": 0.012077607228220199,
        "IIXXYZZY": 0.012077607228220199,
        "IIYYXZZX": 0.012077607228220199,
        "IIXXXZZX": 0.012077607228220199,
        "IYZYIIIZ": 0.023375458226944562,
        "IXZXIIIZ": 0.023375458226944562,
        "IYZYIYZY": 0.026757571802043204,
        "IXZXIYZY": 0.026757571802043204,
        "IYZYIXZX": 0.026757571802043204,
        "IXZXIXZX": 0.026757571802043204,
        "YZZYIIYY": 0.012077607228220199,
        "XZZXIIYY": 0.012077607228220199,
        "YZZYIIXX": 0.012077607228220199,
        "XZZXIIXX": 0.012077607228220199,
        "YZZYYZZY": 0.023282480042391057,
        "XZZXYZZY": 0.023282480042391057,
        "YZZYXZZX": 0.023282480042391057,
        "XZZXXZZX": 0.023282480042391057,
        "IIZIIIIZ": 0.12380255285470976,
        "IIZIIYZY": -0.0006095279486286646,
        "IIZIIXZX": -0.0006095279486286646,
        "IYYIIIYY": 0.026380789380677876,
        "IXXIIIYY": 0.026380789380677876,
        "IYYIIIXX": 0.026380789380677876,
        "IXXIIIXX": 0.026380789380677876,
        "IYYIYZZY": -0.00958261821291047,
        "IXXIYZZY": -0.00958261821291047,
        "IYYIXZZX": -0.00958261821291047,
        "IXXIXZZX": -0.00958261821291047,
        "YZYIIIIZ": -0.024300610165705637,
        "XZXIIIIZ": -0.024300610165705637,
        "YZYIIYZY": -0.02325003884235724,
        "XZXIIYZY": -0.02325003884235724,
        "YZYIIXZX": -0.02325003884235724,
        "XZXIIXZX": -0.02325003884235724,
        "IZIIIIIZ": 0.12847045494496626,
        "IZIIIYZY": 0.0062510416062897655,
        "IZIIIXZX": 0.0062510416062897655,
        "YYIIIIYY": -0.0360119208063791,
        "XXIIIIYY": -0.0360119208063791,
        "YYIIIIXX": -0.0360119208063791,
        "XXIIIIXX": -0.0360119208063791,
        "YYIIYZZY": -0.011619344420566047,
        "XXIIYZZY": -0.011619344420566047,
        "YYIIXZZX": -0.011619344420566047,
        "XXIIXZZX": -0.011619344420566047,
        "ZIIIIIIZ": 0.1511059689464161,
        "ZIIIIYZY": 0.02571346058955112,
        "ZIIIIXZX": 0.02571346058955112,
        "IIIIIZZI": 0.09203832243312299,
        "IIIIZIZI": 0.1086503207531612,
        "IIIIYIYI": -0.030908086923600166,
        "IIIIXIXI": -0.03090808692360017,
        "IIIZIIZI": 0.12380255285470976,
        "IIIZYZYI": -0.024300610165705637,
        "IIIZXZXI": -0.024300610165705637,
        "IIYYIYYI": 0.026380789380677876,
        "IIXXIYYI": 0.026380789380677876,
        "IIYYIXXI": 0.026380789380677876,
        "IIXXIXXI": 0.026380789380677876,
        "IYZYIIZI": -0.0006095279486286646,
        "IXZXIIZI": -0.0006095279486286646,
        "IYZYYZYI": -0.023250038842357244,
        "IXZXYZYI": -0.023250038842357244,
        "IYZYXZXI": -0.023250038842357244,
        "IXZXXZXI": -0.023250038842357244,
        "YZZYIYYI": -0.009582618212910468,
        "XZZXIYYI": -0.009582618212910468,
        "YZZYIXXI": -0.009582618212910468,
        "XZZXIXXI": -0.009582618212910468,
        "IIZIIIZI": 0.12832090161894935,
        "IIZIYZYI": -0.004296433515690642,
        "IIZIXZXI": -0.004296433515690642,
        "IYYIIYYI": 0.0347375270763439,
        "IXXIIYYI": 0.0347375270763439,
        "IYYIIXXI": 0.0347375270763439,
        "IXXIIXXI": 0.0347375270763439,
        "YZYIIIZI": -0.004296433515690641,
        "XZXIIIZI": -0.004296433515690641,
        "YZYIYZYI": 0.025234370975134243,
        "XZXIYZYI": 0.025234370975134243,
        "YZYIXZXI": 0.025234370975134243,
        "XZXIXZXI": 0.025234370975134243,
        "IZIIIIZI": 0.12677584950946688,
        "IZIIYZYI": -0.005067125645600586,
        "IZIIXZXI": -0.005067125645600586,
        "YYIIIYYI": -0.025840961277999584,
        "XXIIIYYI": -0.025840961277999584,
        "YYIIIXXI": -0.025840961277999584,
        "XXIIIXXI": -0.025840961277999584,
        "ZIIIIIZI": 0.13388469172829542,
        "ZIIIYZYI": -0.028461981357665332,
        "ZIIIXZXI": -0.028461981357665332,
        "IIIIZZII": 0.10153055368316463,
        "IIIZIZII": 0.12847045494496626,
        "IIYYYYII": -0.036011920806379105,
        "IIXXYYII": -0.036011920806379105,
        "IIYYXXII": -0.036011920806379105,
        "IIXXXXII": -0.036011920806379105,
        "IYZYIZII": 0.0062510416062897655,
        "IXZXIZII": 0.0062510416062897655,
        "YZZYYYII": -0.011619344420566047,
        "XZZXYYII": -0.011619344420566047,
        "YZZYXXII": -0.011619344420566047,
        "XZZXXXII": -0.011619344420566047,
        "IIZIIZII": 0.12677584950946688,
        "IYYIYYII": -0.025840961277999584,
        "IXXIYYII": -0.025840961277999584,
        "IYYIXXII": -0.025840961277999584,
        "IXXIXXII": -0.025840961277999584,
        "YZYIIZII": -0.005067125645600584,
        "XZXIIZII": -0.005067125645600584,
        "IZIIIZII": 0.1336870844219993,
        "YYIIYYII": 0.03932399030984758,
        "XXIIYYII": 0.03932399030984758,
        "YYIIXXII": 0.03932399030984758,
        "XXIIXXII": 0.03932399030984758,
        "ZIIIIZII": 0.1408545439930122,
        "IIIZZIII": 0.1511059689464161,
        "IYZYZIII": 0.02571346058955112,
        "IXZXZIII": 0.02571346058955112,
        "IIZIZIII": 0.1338846917282954,