{
    "atoms": [
        "H",
        "H",
        "H",
        "H"
    ],
    "x": [
        0.0,
        0.0,
        0.0,
        0.0
    ],
    "y": [
        0.0,
        0.0,
        0.0,
        0.0
    ],
    "z": [
        -1.5,
        -0.5,
        0.5,
        1.5
    ],
    "paired_hamiltonian": {
        "IIII": 0.1683628545439963,
        "IIIZ": 0.36272970257981724,
        "IIZI": 0.17585289306217108,
        "IIZZ": 0.3572410609460899,
        "IIXX": 0.07869102712081492,
        "IIYY": 0.07869102712081492,
        "IZII": -0.15808818452248274,
        "IZIZ": 0.3920780291621684,
        "IXIX": 0.053916060542037805,
        "IYIY": 0.053916060542037805,
        "ZIII": -0.6692242600656235,
        "ZIIZ": 0.4744174866414741,
        "XIIX": 0.04853474849966176,
        "YIIY": 0.04853474849966176,
        "IZZI": 0.379122847760364,
        "IXXI": 0.06864135536107087,
        "IYYI": 0.06864135536107087,
        "ZIZI": 0.4116226329528636,
        "XIXI": 0.052322663515585996,
        "YIYI": 0.052322663515585996,
        "ZZII": 0.39898618425916177,
        "XXII": 0.0812322389676853,
        "YYII": 0.0812322389676853
    },
    "jordan_wigner_hamiltonian": {
        "IIIIIIII": -0.3314778134168095,
        "IIIIIIIZ": 0.18136485128990765,
        "IIIIIYZY": 0.005562131997511175,
        "IIIIIXZX": 0.005562131997511161,
        "IIIIIIZI": 0.0879264465310855,
        "IIIIYZYI": -0.017266560724924725,
        "IIIIXZXI": -0.017266560724924725,
        "IIIIIZII": -0.07904409226124129,
        "IIIIZIII": -0.33461213003281187,
        "IIIZIIII": 0.1813648512899081,
        "IYZYIIII": 0.005562131997511216,
        "IXZXIIII": 0.005562131997511216,
        "IIZIIIII": 0.08792644653108556,
        "YZYIIIII": -0.017266560724924725,
        "XZXIIIII": -0.017266560724924725,
        "IZIIIIII": -0.07904409226124146,
        "ZIIIIIII": -0.33461213003281187,
        "IIIIIIZZ": 0.0696375084563187,
        "IIIIYZYZ": 0.010290902970907602,
        "IIIIXZXZ": 0.010290902970907605,
        "IIIIIZIZ": 0.08454049215503262,
        "IIIIZIIZ": 0.10647068453545311,
        "IIIIIYIY": 0.02204895023149908,
        "IIIIIXIX": 0.02204895023149908,
        "IIIIYXXY": 0.011388105812468935,
        "IIIIYYYY": 0.024418228025864658,
        "IIIIXXYY": 0.013030122213395726,
        "IIIIYYXX": 0.013030122213395726,
        "IIIIXXXX": 0.024418228025864658,
        "IIIIXYYX": 0.011388105812468935,
        "IIIIZYZY": 0.011234473400252885,
        "IIIIZXZX": 0.011234473400252885,
        "IIIZIIIZ": 0.12432120849362673,
        "IIIZIYZY": 0.02039129829189841,
        "IIIZIXZX": 0.02039129829189841,
        "IIYYIIYY": 0.03934551356040746,
        "IIXXIIYY": 0.03934551356040746,
        "IIYYIIXX": 0.03934551356040746,
        "IIXXIIXX": 0.03934551356040746,
        "IIYYYZZY": -0.01077099438968177,
        "IIXXYZZY": -0.01077099438968177,
        "IIYYXZZX": -0.01077099438968177,
        "IIXXXZZX": -0.01077099438968177,
        "IYZYIIIZ": 0.02039129829189841,
        "IXZXIIIZ": 0.02039129829189841,
        "IYZYIYZY": 0.0269580302710189,
        "IXZXIYZY": 0.0269580302710189,
        "IYZYIXZX": 0.0269580302710189,
        "IXZXIXZX": 0.0269580302710189,
        "YZZYIIYY": -0.010770994389681767,
        "XZZXIIYY": -0.010770994389681767,
        "YZZYIIXX": -0.010770994389681767,
        "XZZXIIXX": -0.010770994389681767,
        "YZZYYZZY": 0.02426737424983088,
        "XZZXYZZY": 0.02426737424983088,
        "YZZYXZZX": 0.02426737424983088,
        "XZZXXZZX": 0.02426737424983088,
        "IIZIIIIZ": 0.10898302201672617,
        "IIZIIYZY": -0.00245128830137349,
        "IIZIIXZX": -0.00245128830137349,
        "IYYIIIYY": 0.02450023853287257,
        "IXXIIIYY": 0.02450023853287257,
        "IYYIIIXX": 0.02450023853287257,
        "IXXIIIXX": 0.02450023853287257,
        "IYYIYZZY": 0.013240139917215043,
        "IXXIYZZY": 0.013240139917215043,
        "IYYIXZZX": 0.013240139917215043,
        "IXXIXZZX": 0.013240139917215043,
        "YZYIIIIZ": 0.021061897360589374,
        "XZXIIIIZ": 0.021061897360589374,
        "YZYIIYZY": 0.02462824572968398,
        "XZXIIYZY": 0.02462824572968398,
        "YZYIIXZX": 0.02462824572968398,
        "XZXIIXZX": 0.02462824572968398,
        "IZIIIIIZ": 0.11149852242605154,
        "IZIIIYZY": 0.0017156570386366605,
        "IZIIIXZX": 0.0017156570386366605,
        "YYIIIIYY": 0.03765836794307971,
        "XXIIIIYY": 0.03765836794307971,
        "YYIIIIXX": 0.03765836794307971,
        "XXIIIIXX": 0.03765836794307971,
        "YYIIYZZY": -0.010242352362581489,
        "XXIIYZZY": -0.010242352362581489,
        "YYIIXZZX": -0.010242352362581489,
        "XXIIXZZX": -0.010242352362581489,
        "ZIIIIIIZ": 0.13073805878528397,
        "ZIIIIYZY": 0.021476825762834374,
        "ZIIIIXZX": 0.021476825762834374,
        "IIIIIZZI": 0.07762037309982325,
        "IIIIZIZI": 0.08982499235931941,
        "IIIIYIYI": 0.025545241514434595,
        "IIIIXIXI": 0.025545241514434592,
        "IIIZIIZI": 0.10898302201672619,
        "IIIZYZYI": 0.02106189736058937,
        "IIIZXZXI": 0.02106189736058937,
        "IIYYIYYI": 0.02450023853287257,
        "IIXXIYYI": 0.02450023853287257,
        "IIYYIXXI": 0.02450023853287257,
        "IIXXIXXI": 0.02450023853287257,
        "IYZYIIZI": -0.00245128830137349,
        "IXZXIIZI": -0.00245128830137349,
        "IYZYYZYI": 0.02462824572968398,
        "IXZXYZYI": 0.02462824572968398,
        "IYZYXZXI": 0.02462824572968398,
        "IXZXXZXI": 0.02462824572968398,
        "YZZYIYYI": 0.013240139917215041,
        "XZZXIYYI": 0.013240139917215041,
        "YZZYIXXI": 0.013240139917215041,
        "XZZXIXXI": 0.013240139917215041,
        "IIZIIIZI": 0.11340654161438055,
        "IIZIYZYI": 0.0010141239253516035,
        "IIZIXZXI": 0.0010141239253516035,
        "IYYIIYYI": 0.03432067768053543,
        "IXXIIYYI": 0.03432067768053543,
        "IYYIIXXI": 0.03432067768053543,
        "IXXIIXXI": 0.03432067768053543,
        "YZYIIIZI": 0.0010141239253516035,
        "XZXIIIZI": 0.0010141239253516035,
        "YZYIYZYI": 0.026161331757792998,
        "XZXIYZYI": 0.026161331757792998,
        "YZYIXZXI": 0.026161331757792998,
        "XZXIXZXI": 0.026161331757792998,
        "IZIIIIZI": 0.11194105078035868,
        "IZIIYZYI": 0.0007036277600324688,
        "IZIIXZXI": 0.0007036277600324688,
        "YYIIIYYI": 0.024841613754402126,
        "XXIIIYYI": 0.024841613754402126,
        "YYIIIXXI": 0.024841613754402126,
        "XXIIIXXI": 0.024841613754402126,
        "ZIIIIIZI": 0.11598632411711242,
        "ZIIIYZYI": 0.023384504139548238,
        "ZIIIXZXI": 0.023384504139548238,
        "IIIIZZII": 0.0794384863228691,
        "IIIZIZII": 0.11149852242605157,
        "IIYYYYII": 0.0376583679430797,
        "IIXXYYII": 0.0376583679430797,
        "IIYYXXII": 0.0376583679430797,
        "IIXXXXII": 0.0376583679430797,
        "IYZYIZII": 0.0017156570386366605,
        "IXZXIZII": 0.0017156570386366605,
        "YZZYYYII": -0.010242352362581489,
        "XZZXYYII": -0.010242352362581489,
        "YZZYXXII": -0.010242352362581489,
        "XZZXXXII": -0.010242352362581489,
        "IIZIIZII": 0.11194105078035868,
        "IYYIYYII": 0.024841613754402126,
        "IXXIYYII": 0.024841613754402126,
        "IYYIXXII": 0.024841613754402126,
        "IXXIXXII": 0.024841613754402126,
        "YZYIIZII": 0.0007036277600324688,
        "XZXIIZII": 0.0007036277600324688,
        "IZIIIZII": 0.11685143854472037,
        "YYIIYYII": 0.04061611948384265,
        "XXIIYYII": 0.04061611948384265,
        "YYIIXXII": 0.04061611948384265,
        "XXIIXXII": 0.04061611948384265,
        "ZIIIIZII": 0.12005460580671176,
        "IIIZZIII": 0.130738058785284,
        "IYZYZIII": 0.021476825762834374,
        "IXZXZIII": 0.021476825762834374,
        "IIZIZIII": 0.1159863241171124,
        "YZYIZIII": 0.02338450413954824,
        "XZXIZIII": 0.02338450413954824,