{
    "atoms": [
        "H",
        "H",
        "H",
        "H"
    ],
    "x": [
        0.0,
        0.0,
        0.0,
        0.0
    ],
    "y": [
        0.0,
        0.0,
        0.0,
        0.0
    ],
    "z": [
        -1.875,
        -0.625,
        0.625,
        1.875
    ],
    "paired_hamiltonian": {
        "IIII": -0.28581895915912836,
        "IIIZ": 0.2924773420472345,
        "IIZI": 0.1605354312317436,
        "IIZZ": 0.3131305764203147,
        "IIXX": 0.07894756378665008,
        "IIYY": 0.07894756378665008,
        "IZII": -0.06708808986859666,
        "IZIZ": 0.34324145158655034,
        "IXIX": 0.0552519471067567,
        "IYIY": 0.0552519471067567,
        "ZIII": -0.37220160931559176,
        "ZIIZ": 0.41328202599887187,
        "XIIX": 0.05149188443788099,
        "YIIY": 0.05149188443788099,
        "IZZI": 0.3374063523729684,
        "IXXI": 0.0692267889980406,
        "IYYI": 0.0692267889980406,
        "ZIZI": 0.3581482320800433,
        "XIXI": 0.05536605868876772,
        "YIYI": 0.05536605868876772,
        "ZZII": 0.3413682444615901,
        "XXII": 0.08321434740865002,
        "YYII": 0.08321434740865002
    },
    "jordan_wigner_hamiltonian": {
        "IIIIIIII": -0.7312613943455462,
        "IIIIIIIZ": 0.14623867102361598,
        "IIIIIYZY": 0.0064652004791165806,
        "IIIIIXZX": 0.0064652004791165806,
        "IIIIIIZI": 0.08026771561587137,
        "IIIIYZYI": 0.013401096490779685,
        "IIIIXZXI": 0.013401096490779689,
        "IIIIIZII": -0.03354404493429874,
        "IIIIZIII": -0.1861008046577958,
        "IIIZIIII": 0.14623867102361654,
        "IYZYIIII": 0.006465200479116626,
        "IXZXIIII": 0.006465200479116626,
        "IIZIIIII": 0.08026771561587184,
        "YZYIIIII": 0.013401096490779706,
        "XZXIIIII": 0.013401096490779705,
        "IZIIIIII": -0.03354404493429863,
        "ZIIIIIII": -0.18610080465779594,
        "IIIIIIZZ": 0.05854575315841616,
        "IIIIYZYZ": -0.009167496908759393,
        "IIIIXZXZ": -0.009167496908759393,
        "IIIIIZIZ": 0.07199737611994839,
        "IIIIZIIZ": 0.09044753539024775,
        "IIIIIYIY": 0.01915243929715899,
        "IIIIIXIX": 0.01915243929715899,
        "IIIIYXXY": -0.009719934427165245,
        "IIIIYYYY": -0.022203991577119327,
        "IIIIXXYY": -0.012484057149954078,
        "IIIIYYXX": -0.012484057149954078,
        "IIIIXXXX": -0.022203991577119327,
        "IIIIXYYX": -0.009719934427165245,
        "IIIIZYZY": 0.009635435187820073,
        "IIIIZXZX": 0.009635435187820073,
        "IIIZIIIZ": 0.11126515230208046,
        "IIIZIYZY": 0.018362683184973368,
        "IIIZIXZX": 0.018362683184973368,
        "IIYYIIYY": 0.03947378189332504,
        "IIXXIIYY": 0.03947378189332504,
        "IIYYIIXX": 0.03947378189332504,
        "IIXXIIXX": 0.03947378189332504,
        "IIYYYZZY": 0.009813651021394563,
        "IIXXYZZY": 0.009813651021394563,
        "IIYYXZZX": 0.009813651021394563,
        "IIXXXZZX": 0.009813651021394563,
        "IYZYIIIZ": 0.01836268318497337,
        "IXZXIIIZ": 0.01836268318497337,
        "IYZYIYZY": 0.027625973553378348,
        "IXZXIYZY": 0.027625973553378348,
        "IYZYIXZX": 0.027625973553378348,
        "IXZXIXZX": 0.027625973553378348,
        "YZZYIIYY": 0.009813651021394563,
        "XZZXIIYY": 0.009813651021394563,
        "YZZYIIXX": 0.009813651021394563,
        "XZZXIIXX": 0.009813651021394563,
        "YZZYYZZY": 0.025745942218940502,
        "XZZXYZZY": 0.025745942218940502,
        "YZZYXZZX": 0.025745942218940502,
        "XZZXXZZX": 0.025745942218940502,
        "IIZIIIIZ": 0.09801953505174121,
        "IIZIIYZY": -0.003453295096418052,
        "IIZIIXZX": -0.003453295096418052,
        "IYYIIIYY": 0.02260573439357704,
        "IXXIIIYY": 0.02260573439357704,
        "IYYIIIXX": 0.02260573439357704,
        "IXXIIIXX": 0.02260573439357704,
        "IYYIYZZY": -0.01671189954347828,
        "IXXIYZZY": -0.01671189954347828,
        "IYYIXZZX": -0.01671189954347828,
        "IXXIXZZX": -0.01671189954347828,
        "YZYIIIIZ": -0.01898114793015396,
        "XZXIIIIZ": -0.01898114793015396,
        "YZYIIYZY": -0.02643183397064352,
        "XZXIIYZY": -0.02643183397064352,
        "YZYIIXZX": -0.02643183397064352,
        "XZXIIXZX": -0.02643183397064352,
        "IZIIIIIZ": 0.09962334967332676,
        "IZIIIYZY": -0.001171279596017377,
        "IZIIIXZX": -0.001171279596017377,
        "YYIIIIYY": -0.0389158911205976,
        "XXIIIIYY": -0.0389158911205976,
        "YYIIIIXX": -0.0389158911205976,
        "XXIIIIXX": -0.0389158911205976,
        "YYIIYZZY": -0.00949778703704021,
        "XXIIYZZY": -0.00949778703704021,
        "YYIIXZZX": -0.00949778703704021,
        "XXIIXZZX": -0.00949778703704021,
        "ZIIIIIIZ": 0.11619347760918822,
        "ZIIIIYZY": 0.019133222224860285,
        "ZIIIIXZX": 0.019133222224860285,
        "IIIIIZZI": 0.06704489084373191,
        "IIIIZIZI": 0.0756955433478189,
        "IIIIYIYI": -0.021568357243649243,
        "IIIIXIXI": -0.021568357243649246,
        "IIIZIIZI": 0.09801953505174121,
        "IIIZYZYI": -0.018981147930153954,
        "IIIZXZXI": -0.018981147930153954,
        "IIYYIYYI": 0.02260573439357704,
        "IIXXIYYI": 0.02260573439357704,
        "IIYYIXXI": 0.02260573439357704,
        "IIXXIXXI": 0.02260573439357704,
        "IYZYIIZI": -0.003453295096418052,
        "IXZXIIZI": -0.003453295096418052,
        "IYZYYZYI": -0.026431833970643522,
        "IXZXYZYI": -0.026431833970643522,
        "IYZYXZXI": -0.026431833970643522,
        "IXZXXZXI": -0.026431833970643522,
        "YZZYIYYI": -0.01671189954347828,
        "XZZXIYYI": -0.01671189954347828,
        "YZZYIXXI": -0.01671189954347828,
        "XZZXIXXI": -0.01671189954347828,
        "IIZIIIZI": 0.1023270854280249,
        "IIZIYZYI": 0.0012041887928039372,
        "IIZIXZXI": 0.0012041887928039372,
        "IYYIIYYI": 0.0346133944990203,
        "IXXIIYYI": 0.0346133944990203,
        "IYYIIXXI": 0.0346133944990203,
        "IXXIIXXI": 0.0346133944990203,
        "YZYIIIZI": 0.0012041887928039372,
        "XZXIIIZI": 0.0012041887928039372,
        "YZYIYZYI": 0.02768302934438386,
        "XZXIYZYI": 0.02768302934438386,
        "YZYIXZXI": 0.02768302934438386,
        "XZXIXZXI": 0.02768302934438386,
        "IZIIIIZI": 0.10165828534275224,
        "IZIIYZYI": 0.0018151279839120375,
        "IZIIXZXI": 0.0018151279839120375,
        "YYIIIYYI": -0.02338348522756128,
        "XXIIIYYI": -0.02338348522756128,
        "YYIIIXXI": -0.02338348522756128,
        "XXIIIXXI": -0.02338348522756128,
        "ZIIIIIZI": 0.10337857269220274,
        "ZIIIYZYI": -0.020591894182052463,
        "ZIIIXZXI": -0.020591894182052463,
        "IIIIZZII": 0.06453847426323502,
        "IIIZIZII": 0.09962334967332676,
        "IIYYYYII": -0.03891589112059761,
        "IIXXYYII": -0.03891589112059761,
        "IIYYXXII": -0.03891589112059761,
        "IIXXXXII": -0.03891589112059761,
        "IYZYIZII": -0.0011712795960173773,
        "IXZXIZII": -0.0011712795960173773,
        "YZZYYYII": -0.009497787037040212,
        "XZZXYYII": -0.009497787037040212,
        "YZZYXXII": -0.009497787037040212,
        "XZZXXXII": -0.009497787037040212,
        "IIZIIZII": 0.10165828534275224,
        "IYYIYYII": -0.02338348522756128,
        "IXXIYYII": -0.02338348522756128,
        "IYYIXXII": -0.02338348522756128,
        "IXXIXXII": -0.02338348522756128,
        "YZYIIZII": 0.0018151279839120375,
        "XZXIIZII": 0.0018151279839120375,
        "IZIIIZII": 0.10532848480118293,
        "YYIIYYII": 0.041607173704325005,
        "XXIIYYII": 0.041607173704325005,
        "YYIIXXII": 0.041607173704325005,
        "XXIIXXII": 0.041607173704325005,
        "ZIIIIZII": 0.10614564796756,
        "IIIZZIII": 0.1161934776091882,
        "IYZYZIII": 0.01913322222486029,
        "IXZXZIII": 0.01913322222486029,
        "IIZIZIII": 0.10337857269220274,
        "YZYIZIII": -0.020591894182052463,