{
    "atoms": [
        "H",
        "H",
        "H",
        "H"
    ],
    "x": [
        0.0,
        0.0,
        0.0,
        0.0
    ],
    "y": [
        0.0,
        0.0,
        0.0,
        0.0
    ],
    "z": [
        -1.5,
        -0.5,
        0.5,
        1.5
    ],
    "paired_hamiltonian": {
        "IIII": 0.16836285454399597,
        "IIIZ": 0.36272970257981685,
        "IIZI": 0.17585289306217117,
        "IIZZ": 0.3572410609460902,
        "IIXX": 0.07869102712081502,
        "IIYY": 0.07869102712081502,
        "IZII": -0.15808818452248302,
        "IZIZ": 0.3920780291621685,
        "IXIX": 0.05391606054203784,
        "IYIY": 0.05391606054203784,
        "ZIII": -0.6692242600656235,
        "ZIIZ": 0.474417486641474,
        "XIIX": 0.048534748499661745,
        "YIIY": 0.048534748499661745,
        "IZZI": 0.3791228477603644,
        "IXXI": 0.06864135536107088,
        "IYYI": 0.06864135536107088,
        "ZIZI": 0.41162263295286394,
        "XIXI": 0.052322663515586065,
        "YIYI": 0.052322663515586065,
        "ZZII": 0.3989861842591618,
        "XXII": 0.0812322389676854,
        "YYII": 0.0812322389676854
    },
    "jordan_wigner_hamiltonian": {
        "IIIIIIII": -0.3314778134168148,
        "IIIIIIIZ": 0.18136485128990762,
        "IIIIIYZY": 0.00556213199751111,
        "IIIIIXZX": 0.00556213199751111,
        "IIIIIIZI": 0.08792644653108546,
        "IIIIYZYI": 0.017266560724924853,
        "IIIIXZXI": 0.017266560724924853,
        "IIIIIZII": -0.07904409226124123,
        "IIIIZIII": -0.33461213003281165,
        "IIIZIIII": 0.18136485128990756,
        "IYZYIIII": 0.005562131997511178,
        "IXZXIIII": 0.005562131997511185,
        "IIZIIIII": 0.08792644653108558,
        "YZYIIIII": 0.017266560724924856,
        "XZXIIIII": 0.017266560724924856,
        "IZIIIIII": -0.07904409226124144,
        "ZIIIIIII": -0.3346121300328119,
        "IIIIIIZZ": 0.06963750845631879,
        "IIIIYZYZ": -0.010290902970907628,
        "IIIIXZXZ": -0.010290902970907628,
        "IIIIIZIZ": 0.08454049215503265,
        "IIIIZIIZ": 0.10647068453545308,
        "IIIIIYIY": 0.022048950231499092,
        "IIIIIXIX": 0.022048950231499092,
        "IIIIYXXY": -0.011388105812468931,
        "IIIIYYYY": -0.02441822802586467,
        "IIIIXXYY": -0.013030122213395744,
        "IIIIYYXX": -0.013030122213395744,
        "IIIIXXXX": -0.02441822802586467,
        "IIIIXYYX": -0.011388105812468931,
        "IIIIZYZY": 0.011234473400252895,
        "IIIIZXZX": 0.011234473400252895,
        "IIIZIIIZ": 0.12432120849362671,
        "IIIZIYZY": 0.020391298291898414,
        "IIIZIXZX": 0.020391298291898414,
        "IIYYIIYY": 0.039345513560407504,
        "IIXXIIYY": 0.039345513560407504,
        "IIYYIIXX": 0.039345513560407504,
        "IIXXIIXX": 0.039345513560407504,
        "IIYYYZZY": 0.010770994389681758,
        "IIXXYZZY": 0.010770994389681758,
        "IIYYXZZX": 0.010770994389681758,
        "IIXXXZZX": 0.010770994389681758,
        "IYZYIIIZ": 0.02039129829189842,
        "IXZXIIIZ": 0.02039129829189842,
        "IYZYIYZY": 0.02695803027101892,
        "IXZXIYZY": 0.02695803027101892,
        "IYZYIXZX": 0.02695803027101892,
        "IXZXIXZX": 0.02695803027101892,
        "YZZYIIYY": 0.010770994389681756,
        "XZZXIIYY": 0.010770994389681756,
        "YZZYIIXX": 0.010770994389681756,
        "XZZXIIXX": 0.010770994389681756,
        "YZZYYZZY": 0.024267374249830866,
        "XZZXYZZY": 0.024267374249830866,
        "YZZYXZZX": 0.024267374249830866,
        "XZZXXZZX": 0.024267374249830866,
        "IIZIIIIZ": 0.10898302201672629,
        "IIZIIYZY": -0.0024512883013734703,
        "IIZIIXZX": -0.0024512883013734703,
        "IYYIIIYY": 0.024500238532872566,
        "IXXIIIYY": 0.024500238532872566,
        "IYYIIIXX": 0.024500238532872566,
        "IXXIIIXX": 0.024500238532872566,
        "IYYIYZZY": -0.013240139917215074,
        "IXXIYZZY": -0.013240139917215074,
        "IYYIXZZX": -0.013240139917215074,
        "IXXIXZZX": -0.013240139917215074,
        "YZYIIIIZ": -0.021061897360589384,
        "XZXIIIIZ": -0.021061897360589384,
        "YZYIIYZY": -0.02462824572968401,
        "XZXIIYZY": -0.02462824572968401,
        "YZYIIXZX": -0.02462824572968401,
        "XZXIIXZX": -0.02462824572968401,
        "IZIIIIIZ": 0.1114985224260516,
        "IZIIIYZY": 0.0017156570386366841,
        "IZIIIXZX": 0.0017156570386366841,
        "YYIIIIYY": -0.037658367943079744,
        "XXIIIIYY": -0.037658367943079744,
        "YYIIIIXX": -0.037658367943079744,
        "XXIIIIXX": -0.037658367943079744,
        "YYIIYZZY": -0.010242352362581475,
        "XXIIYZZY": -0.010242352362581475,
        "YYIIXZZX": -0.010242352362581475,
        "XXIIXZZX": -0.010242352362581475,
        "ZIIIIIIZ": 0.13073805878528394,
        "ZIIIIYZY": 0.021476825762834367,
        "ZIIIIXZX": 0.021476825762834367,
        "IIIIIZZI": 0.07762037309982336,
        "IIIIZIZI": 0.0898249923593195,
        "IIIIYIYI": -0.025545241514434595,
        "IIIIXIXI": -0.025545241514434595,
        "IIIZIIZI": 0.10898302201672629,
        "IIIZYZYI": -0.021061897360589388,
        "IIIZXZXI": -0.021061897360589388,
        "IIYYIYYI": 0.02450023853287257,
        "IIXXIYYI": 0.02450023853287257,
        "IIYYIXXI": 0.02450023853287257,
        "IIXXIXXI": 0.02450023853287257,
        "IYZYIIZI": -0.0024512883013734703,
        "IXZXIIZI": -0.0024512883013734703,
        "IYZYYZYI": -0.02462824572968401,
        "IXZXYZYI": -0.02462824572968401,
        "IYZYXZXI": -0.02462824572968401,
        "IXZXXZXI": -0.02462824572968401,
        "YZZYIYYI": -0.013240139917215073,
        "XZZXIYYI": -0.013240139917215073,
        "YZZYIXXI": -0.013240139917215073,
        "XZZXIXXI": -0.013240139917215073,
        "IIZIIIZI": 0.11340654161438071,
        "IIZIYZYI": -0.0010141239253516207,
        "IIZIXZXI": -0.0010141239253516207,
        "IYYIIYYI": 0.03432067768053544,
        "IXXIIYYI": 0.03432067768053544,
        "IYYIIXXI": 0.03432067768053544,
        "IXXIIXXI": 0.03432067768053544,
        "YZYIIIZI": -0.0010141239253516207,
        "XZXIIIZI": -0.0010141239253516207,
        "YZYIYZYI": 0.026161331757793033,
        "XZXIYZYI": 0.026161331757793033,
        "YZYIXZXI": 0.026161331757793033,
        "XZXIXZXI": 0.026161331757793033,
        "IZIIIIZI": 0.11194105078035885,
        "IZIIYZYI": -0.0007036277600324809,
        "IZIIXZXI": -0.0007036277600324809,
        "YYIIIYYI": -0.024841613754402123,
        "XXIIIYYI": -0.024841613754402123,
        "YYIIIXXI": -0.024841613754402123,
        "XXIIIXXI": -0.024841613754402123,
        "ZIIIIIZI": 0.1159863241171125,
        "ZIIIYZYI": -0.0233845041395482,
        "ZIIIXZXI": -0.0233845041395482,
        "IIIIZZII": 0.0794384863228691,
        "IIIZIZII": 0.1114985224260516,
        "IIYYYYII": -0.03765836794307975,
        "IIXXYYII": -0.03765836794307975,
        "IIYYXXII": -0.03765836794307975,
        "IIXXXXII": -0.03765836794307975,
        "IYZYIZII": 0.0017156570386366841,
        "IXZXIZII": 0.0017156570386366841,
        "YZZYYYII": -0.010242352362581475,
        "XZZXYYII": -0.010242352362581475,
        "YZZYXXII": -0.010242352362581475,
        "XZZXXXII": -0.010242352362581475,
        "IIZIIZII": 0.11194105078035885,
        "IYYIYYII": -0.024841613754402123,
        "IXXIYYII": -0.024841613754402123,
        "IYYIXXII": -0.024841613754402123,
        "IXXIXXII": -0.024841613754402123,
        "YZYIIZII": -0.0007036277600324808,
        "XZXIIZII": -0.0007036277600324808,
        "IZIIIZII": 0.11685143854472045,
        "YYIIYYII": 0.04061611948384269,
        "XXIIYYII": 0.04061611948384269,
        "YYIIXXII": 0.04061611948384269,
        "XXIIXXII": 0.04061611948384269,
        "ZIIIIZII": 0.12005460580671179,
        "IIIZZIII": 0.1307380587852839,
        "IYZYZIII": 0.02147682576283437,
        "IXZXZIII": 0.02147682576283437,
        "IIZIZIII": 0.1159863241171125,