{
    "geometry": {
        "atoms": [
            "H",
            "H"
        ],
        "x": [
            0.0,
            0.0
        ],
        "y": [
            0.0,
            0.0
        ],
        "z": [
            -0.375,
            0.375
        ]
    },
    "paired_hamiltonian": {
        "II": 0.23243521843509218,
        "IZ": 0.3397690405588073,
        "ZI": -0.4377261356243932,
        "ZZ": 0.5710914911904937,
        "XX": 0.09088576828865239,
        "YY": 0.09088576828865239
    },
    "jordan_wigner_hamiltonian": {
        "IIII": -0.10973055606700932,
        "IIIZ": 0.16988452027940348,
        "IIZI": -0.21886306781219655,
        "IZII": 0.16988452027940365,
        "ZIII": -0.21886306781219658,
        "IIZZ": 0.12005143072546035,
        "IZIZ": 0.16821198673715723,
        "YYYY": 0.04544288414432619,
        "XXYY": 0.04544288414432619,
        "YYXX": 0.04544288414432619,
        "XXXX": 0.04544288414432619,
        "ZIIZ": 0.16549431486978652,
        "IZZI": 0.16549431486978652,
        "ZIZI": 0.17395378776494128,
        "ZZII": 0.12005143072546035
    }
}