{
    "geometry": {
        "atoms": [
            "H",
            "H"
        ],
        "x": [
            0.0,
            0.0
        ],
        "y": [
            0.0,
            0.0
        ],
        "z": [
            -0.5,
            0.5
        ]
    },
    "paired_hamiltonian": {
        "II": -0.007739878056785998,
        "IZ": 0.27433145874199005,
        "ZI": -0.2607258411421822,
        "ZZ": 0.5233114713769782,
        "XX": 0.09839529174273512,
        "YY": 0.09839529174273512
    },
    "jordan_wigner_hamiltonian": {
        "IIII": -0.3276081896748113,
        "IIIZ": 0.13716572937099464,
        "IIZI": -0.13036292057109114,
        "IZII": 0.137165729370995,
        "ZIII": -0.13036292057109097,
        "IIZZ": 0.10622904490856078,
        "IZIZ": 0.15660062488237947,
        "YYYY": 0.04919764587136755,
        "XXYY": 0.04919764587136755,
        "YYXX": 0.04919764587136755,
        "XXXX": 0.04919764587136755,
        "ZIIZ": 0.15542669077992835,
        "IZZI": 0.1554266907799283,
        "ZIZI": 0.1632676867356435,
        "ZZII": 0.10622904490856078
    }
}