{
    "geometry": {
        "atoms": [
            "H",
            "H",
            "H",
            "H"
        ],
        "x": [
            0.0,
            0.0,
            0.0,
            0.0
        ],
        "y": [
            0.0,
            0.0,
            0.0,
            0.0
        ],
        "z": [
            -1.875,
            -0.625,
            0.625,
            1.875
        ]
    },
    "paired_hamiltonian": {
        "IIII": -0.2858189591591286,
        "IIIZ": 0.29247734204723486,
        "IIZI": 0.1605354312317446,
        "IIZZ": 0.3131305764203144,
        "IIXX": 0.07894756378665004,
        "IIYY": 0.07894756378665004,
        "IZII": -0.06708808986859577,
        "IZIZ": 0.3432414515865495,
        "IXIX": 0.05525194710675661,
        "IYIY": 0.05525194710675661,
        "ZIII": -0.372201609315591,
        "ZIIZ": 0.4132820259988711,
        "XIIX": 0.05149188443788087,
        "YIIY": 0.05149188443788087,
        "IZZI": 0.3374063523729681,
        "IXXI": 0.06922678899804047,
        "IYYI": 0.06922678899804047,
        "ZIZI": 0.35814823208004315,
        "XIXI": 0.055366058688767705,
        "YIYI": 0.055366058688767705,
        "ZZII": 0.34136824446158953,
        "XXII": 0.08321434740864993,
        "YYII": 0.08321434740864993
    },
    "jordan_wigner_hamiltonian": {
        "IIIIIIII": -0.7312613943455444,
        "IIIIIIIZ": 0.14623867102361782,
        "IIIIIYZY": 0.006465200479116757,
        "IIIIIXZX": 0.006465200479116757,
        "IIIIIIZI": 0.08026771561587204,
        "IIIIYZYI": 0.01340109649077973,
        "IIIIXZXI": 0.01340109649077973,
        "IIIIIZII": -0.033544044934297856,
        "IIIIZIII": -0.1861008046577954,
        "IIIZIIII": 0.1462386710236177,
        "IYZYIIII": 0.006465200479116771,
        "IXZXIIII": 0.006465200479116771,
        "IIZIIIII": 0.08026771561587231,
        "YZYIIIII": 0.013401096490779734,
        "XZXIIIII": 0.013401096490779732,
        "IZIIIIII": -0.033544044934297745,
        "ZIIIIIII": -0.18610080465779555,
        "IIIIIIZZ": 0.05854575315841607,
        "IIIIYZYZ": -0.009167496908759374,
        "IIIIXZXZ": -0.009167496908759374,
        "IIIIIZIZ": 0.07199737611994825,
        "IIIIZIIZ": 0.09044753539024754,
        "IIIIIYIY": 0.019152439297158944,
        "IIIIIXIX": 0.01915243929715895,
        "IIIIYXXY": -0.009719934427165225,
        "IIIIYYYY": -0.022203991577119303,
        "IIIIXXYY": -0.012484057149954075,
        "IIIIYYXX": -0.012484057149954075,
        "IIIIXXXX": -0.022203991577119303,
        "IIIIXYYX": -0.009719934427165225,
        "IIIIZYZY": 0.00963543518782007,
        "IIIIZXZX": 0.00963543518782007,
        "IIIZIIIZ": 0.11126515230208014,
        "IIIZIYZY": 0.018362683184973277,
        "IIIZIXZX": 0.018362683184973277,
        "IIYYIIYY": 0.03947378189332502,
        "IIXXIIYY": 0.03947378189332502,
        "IIYYIIXX": 0.03947378189332502,
        "IIXXIIXX": 0.03947378189332502,
        "IIYYYZZY": 0.009813651021394504,
        "IIXXYZZY": 0.009813651021394504,
        "IIYYXZZX": 0.009813651021394504,
        "IIXXXZZX": 0.009813651021394504,
        "IYZYIIIZ": 0.018362683184973277,
        "IXZXIIIZ": 0.018362683184973277,
        "IYZYIYZY": 0.02762597355337831,
        "IXZXIYZY": 0.02762597355337831,
        "IYZYIXZX": 0.02762597355337831,
        "IXZXIXZX": 0.02762597355337831,
        "YZZYIIYY": 0.009813651021394504,
        "XZZXIIYY": 0.009813651021394504,
        "YZZYIIXX": 0.009813651021394504,
        "XZZXIIXX": 0.009813651021394504,
        "YZZYYZZY": 0.025745942218940443,
        "XZZXYZZY": 0.025745942218940443,
        "YZZYXZZX": 0.025745942218940443,
        "XZZXXZZX": 0.025745942218940443,
        "IIZIIIIZ": 0.09801953505174112,
        "IIZIIYZY": -0.0034532950964180605,
        "IIZIIXZX": -0.0034532950964180605,
        "IYYIIIYY": 0.022605734393577014,
        "IXXIIIYY": 0.022605734393577014,
        "IYYIIIXX": 0.022605734393577014,
        "IXXIIIXX": 0.022605734393577014,
        "IYYIYZZY": -0.016711899543478275,
        "IXXIYZZY": -0.016711899543478275,
        "IYYIXZZX": -0.016711899543478275,
        "IXXIXZZX": -0.016711899543478275,
        "YZYIIIIZ": -0.018981147930153878,
        "XZXIIIIZ": -0.018981147930153878,
        "YZYIIYZY": -0.0264318339706435,
        "XZXIIYZY": -0.0264318339706435,
        "YZYIIXZX": -0.0264318339706435,
        "XZXIIXZX": -0.0264318339706435,
        "IZIIIIIZ": 0.09962334967332653,
        "IZIIIYZY": -0.0011712795960173695,
        "IZIIIXZX": -0.0011712795960173695,
        "YYIIIIYY": -0.038915891120597575,
        "XXIIIIYY": -0.038915891120597575,
        "YYIIIIXX": -0.038915891120597575,
        "XXIIIIXX": -0.038915891120597575,
        "YYIIYZZY": -0.009497787037040161,
        "XXIIYZZY": -0.009497787037040161,
        "YYIIXZZX": -0.009497787037040161,
        "XXIIXZZX": -0.009497787037040161,
        "ZIIIIIIZ": 0.11619347760918798,
        "ZIIIIYZY": 0.019133222224860226,
        "ZIIIIXZX": 0.019133222224860226,
        "IIIIIZZI": 0.0670448908437319,
        "IIIIZIZI": 0.07569554334781889,
        "IIIIYIYI": -0.021568357243649205,
        "IIIIXIXI": -0.021568357243649205,
        "IIIZIIZI": 0.09801953505174112,
        "IIIZYZYI": -0.01898114793015388,
        "IIIZXZXI": -0.01898114793015388,
        "IIYYIYYI": 0.02260573439357701,
        "IIXXIYYI": 0.02260573439357701,
        "IIYYIXXI": 0.02260573439357701,
        "IIXXIXXI": 0.02260573439357701,
        "IYZYIIZI": -0.00345329509641806,
        "IXZXIIZI": -0.00345329509641806,
        "IYZYYZYI": -0.026431833970643498,
        "IXZXYZYI": -0.026431833970643498,
        "IYZYXZXI": -0.026431833970643498,
        "IXZXXZXI": -0.026431833970643498,
        "YZZYIYYI": -0.01671189954347828,
        "XZZXIYYI": -0.01671189954347828,
        "YZZYIXXI": -0.01671189954347828,
        "XZZXIXXI": -0.01671189954347828,
        "IIZIIIZI": 0.1023270854280249,
        "IIZIYZYI": 0.0012041887928039405,
        "IIZIXZXI": 0.0012041887928039405,
        "IYYIIYYI": 0.034613394499020234,
        "IXXIIYYI": 0.034613394499020234,
        "IYYIIXXI": 0.034613394499020234,
        "IXXIIXXI": 0.034613394499020234,
        "YZYIIIZI": 0.0012041887928039407,
        "XZXIIIZI": 0.0012041887928039407,
        "YZYIYZYI": 0.027683029344383853,
        "XZXIYZYI": 0.027683029344383853,
        "YZYIXZXI": 0.027683029344383853,
        "XZXIXZXI": 0.027683029344383853,
        "IZIIIIZI": 0.10165828534275213,
        "IZIIYZYI": 0.00181512798391202,
        "IZIIXZXI": 0.00181512798391202,
        "YYIIIYYI": -0.02338348522756123,
        "XXIIIYYI": -0.02338348522756123,
        "YYIIIXXI": -0.02338348522756123,
        "XXIIIXXI": -0.02338348522756123,
        "ZIIIIIZI": 0.10337857269220273,
        "ZIIIYZYI": -0.020591894182052446,
        "ZIIIXZXI": -0.020591894182052446,
        "IIIIZZII": 0.06453847426323489,
        "IIIZIZII": 0.09962334967332653,
        "IIYYYYII": -0.03891589112059757,
        "IIXXYYII": -0.03891589112059757,
        "IIYYXXII": -0.03891589112059757,
        "IIXXXXII": -0.03891589112059757,
        "IYZYIZII": -0.0011712795960173695,
        "IXZXIZII": -0.0011712795960173695,
        "YZZYYYII": -0.009497787037040161,
        "XZZXYYII": -0.009497787037040161,
        "YZZYXXII": -0.009497787037040161,
        "XZZXXXII": -0.009497787037040161,
        "IIZIIZII": 0.10165828534275213,
        "IYYIYYII": -0.02338348522756123,
        "IXXIYYII": -0.02338348522756123,
        "IYYIXXII": -0.02338348522756123,
        "IXXIXXII": -0.02338348522756123,
        "YZYIIZII": 0.00181512798391202,
        "XZXIIZII": 0.00181512798391202,
        "IZIIIZII": 0.10532848480118263,
        "YYIIYYII": 0.04160717370432497,
        "XXIIYYII": 0.04160717370432497,
        "YYIIXXII": 0.04160717370432497,
        "XXIIXXII": 0.04160717370432497,
        "ZIIIIZII": 0.10614564796755986,
        "IIIZZIII": 0.11619347760918798,