{
    "atoms": [
        "H",
        "H",
        "H",
        "H"
    ],
    "x": [
        0.0,
        0.0,
        0.0,
        0.0
    ],
    "y": [
        0.0,
        0.0,
        0.0,
        0.0
    ],
    "z": [
        -1.875,
        -0.625,
        0.625,
        1.875
    ],
    "paired_hamiltonian": {
        "IIII": -0.2858189591591289,
        "IIIZ": 0.2924773420472346,
        "IIZI": 0.160535431231744,
        "IIZZ": 0.3131305764203147,
        "IIXX": 0.07894756378665008,
        "IIYY": 0.07894756378665008,
        "IZII": -0.06708808986859646,
        "IZIZ": 0.3432414515865502,
        "IXIX": 0.05525194710675668,
        "IYIY": 0.05525194710675668,
        "ZIII": -0.3722016093155913,
        "ZIIZ": 0.41328202599887154,
        "XIIX": 0.05149188443788096,
        "YIIY": 0.05149188443788096,
        "IZZI": 0.33740635237296845,
        "IXXI": 0.0692267889980406,
        "IYYI": 0.0692267889980406,
        "ZIZI": 0.3581482320800432,
        "XIXI": 0.05536605868876773,
        "YIYI": 0.05536605868876773,
        "ZZII": 0.34136824446158986,
        "XXII": 0.08321434740865002,
        "YYII": 0.08321434740865002
    },
    "jordan_wigner_hamiltonian": {
        "IIIIIIII": -0.7312613943455404,
        "IIIIIIIZ": 0.1462386710236172,
        "IIIIIYZY": 0.006465200479116577,
        "IIIIIXZX": 0.006465200479116577,
        "IIIIIIZI": 0.08026771561587198,
        "IIIIIIZZ": 0.05854575315841616,
        "IIIIYZYI": -0.013401096490779772,
        "IIIIXZXI": -0.013401096490779786,
        "IIIIYZYZ": 0.00916749690875937,
        "IIIIXZXZ": 0.00916749690875937,
        "IIIIIZII": -0.0335440449342983,
        "IIIIIZIZ": 0.07199737611994836,
        "IIIIZIII": -0.18610080465779555,
        "IIIIZIIZ": 0.09044753539024765,
        "IIIIIYIY": 0.01915243929715898,
        "IIIIIXIX": 0.01915243929715898,
        "IIIIYXXY": 0.009719934427165237,
        "IIIIYYYY": 0.022203991577119324,
        "IIIIXXYY": 0.012484057149954085,
        "IIIIYYXX": 0.012484057149954085,
        "IIIIXXXX": 0.022203991577119324,
        "IIIIXYYX": 0.009719934427165237,
        "IIIIZYZY": 0.009635435187820066,
        "IIIIZXZX": 0.009635435187820066,
        "IIIZIIII": 0.1462386710236171,
        "IIIZIIIZ": 0.11126515230208042,
        "IIIZIYZY": 0.018362683184973354,
        "IIIZIXZX": 0.018362683184973354,
        "IIYYIIYY": 0.03947378189332504,
        "IIXXIIYY": 0.03947378189332504,
        "IIYYIIXX": 0.03947378189332504,
        "IIXXIIXX": 0.03947378189332504,
        "IIYYYZZY": -0.009813651021394549,
        "IIXXYZZY": -0.009813651021394549,
        "IIYYXZZX": -0.009813651021394549,
        "IIXXXZZX": -0.009813651021394549,
        "IYZYIIII": 0.006465200479116563,
        "IYZYIIIZ": 0.018362683184973354,
        "IXZXIIII": 0.006465200479116577,
        "IXZXIIIZ": 0.018362683184973354,
        "IYZYIYZY": 0.02762597355337834,
        "IXZXIYZY": 0.02762597355337834,
        "IYZYIXZX": 0.02762597355337834,
        "IXZXIXZX": 0.02762597355337834,
        "YZZYIIYY": -0.009813651021394549,
        "XZZXIIYY": -0.009813651021394549,
        "YZZYIIXX": -0.009813651021394549,
        "XZZXIIXX": -0.009813651021394549,
        "YZZYYZZY": 0.02574594221894048,
        "XZZXYZZY": 0.02574594221894048,
        "YZZYXZZX": 0.02574594221894048,
        "XZZXXZZX": 0.02574594221894048,
        "IIZIIIII": 0.0802677156158722,
        "IIZIIIIZ": 0.09801953505174121,
        "IIZIIYZY": -0.003453295096418044,
        "IIZIIXZX": -0.003453295096418044,
        "IYYIIIYY": 0.022605734393577024,
        "IXXIIIYY": 0.022605734393577024,
        "IYYIIIXX": 0.022605734393577024,
        "IXXIIIXX": 0.022605734393577024,
        "IYYIYZZY": 0.016711899543478285,
        "IXXIYZZY": 0.016711899543478285,
        "IYYIXZZX": 0.016711899543478285,
        "IXXIXZZX": 0.016711899543478285,
        "YZYIIIII": -0.0134010964907798,
        "YZYIIIIZ": 0.018981147930153923,
        "XZXIIIII": -0.0134010964907798,
        "XZXIIIIZ": 0.018981147930153923,
        "YZYIIYZY": 0.02643183397064352,
        "XZXIIYZY": 0.02643183397064352,
        "YZYIIXZX": 0.02643183397064352,
        "XZXIIXZX": 0.02643183397064352,
        "IZIIIIII": -0.03354404493429908,
        "IZIIIIIZ": 0.09962334967332673,
        "IZIIIYZY": -0.0011712795960173775,
        "IZIIIXZX": -0.0011712795960173775,
        "YYIIIIYY": 0.03891589112059761,
        "XXIIIIYY": 0.03891589112059761,
        "YYIIIIXX": 0.03891589112059761,
        "XXIIIIXX": 0.03891589112059761,
        "YYIIYZZY": -0.009497787037040177,
        "XXIIYZZY": -0.009497787037040177,
        "YYIIXZZX": -0.009497787037040177,
        "XXIIXZZX": -0.009497787037040177,
        "ZIIIIIII": -0.18610080465779577,
        "ZIIIIIIZ": 0.11619347760918812,
        "ZIIIIYZY": 0.019133222224860247,
        "ZIIIIXZX": 0.019133222224860247,
        "IIIIIZZI": 0.06704489084373191,
        "IIIIZIZI": 0.07569554334781889,
        "IIIIYIYI": 0.021568357243649243,
        "IIIIXIXI": 0.021568357243649243,
        "IIIZIIZI": 0.09801953505174121,
        "IIIZYZYI": 0.01898114793015392,
        "IIIZXZXI": 0.01898114793015392,
        "IIYYIYYI": 0.022605734393577024,
        "IIXXIYYI": 0.022605734393577024,
        "IIYYIXXI": 0.022605734393577024,
        "IIXXIXXI": 0.022605734393577024,
        "IYZYIIZI": -0.003453295096418044,
        "IXZXIIZI": -0.003453295096418044,
        "IYZYYZYI": 0.026431833970643522,
        "IXZXYZYI": 0.026431833970643522,
        "IYZYXZXI": 0.026431833970643522,
        "IXZXXZXI": 0.026431833970643522,
        "YZZYIYYI": 0.016711899543478285,
        "XZZXIYYI": 0.016711899543478285,
        "YZZYIXXI": 0.016711899543478285,
        "XZZXIXXI": 0.016711899543478285,
        "IIZIIIZI": 0.10232708542802493,
        "IIZIYZYI": -0.0012041887928039587,
        "IIZIXZXI": -0.0012041887928039587,
        "IYYIIYYI": 0.0346133944990203,
        "IXXIIYYI": 0.0346133944990203,
        "IYYIIXXI": 0.0346133944990203,
        "IXXIIXXI": 0.0346133944990203,
        "YZYIIIZI": -0.0012041887928039587,
        "XZXIIIZI": -0.0012041887928039587,
        "YZYIYZYI": 0.027683029344383867,
        "XZXIYZYI": 0.027683029344383867,
        "YZYIXZXI": 0.027683029344383867,
        "XZXIXZXI": 0.027683029344383867,
        "IZIIIIZI": 0.10165828534275224,
        "IZIIYZYI": -0.0018151279839120574,
        "IZIIXZXI": -0.0018151279839120574,
        "YYIIIYYI": 0.023383485227561295,
        "XXIIIYYI": 0.023383485227561295,
        "YYIIIXXI": 0.023383485227561295,
        "XXIIIXXI": 0.023383485227561295,
        "ZIIIIIZI": 0.10337857269220274,
        "ZIIIYZYI": 0.0205918941820524,
        "ZIIIXZXI": 0.0205918941820524,
        "IIIIZZII": 0.06453847426323499,
        "IIIZIZII": 0.09962334967332671,
        "IIYYYYII": 0.03891589112059761,
        "IIXXYYII": 0.03891589112059761,
        "IIYYXXII": 0.03891589112059761,
        "IIXXXXII": 0.03891589112059761,
        "IYZYIZII": -0.0011712795960173777,
        "IXZXIZII": -0.0011712795960173777,
        "YZZYYYII": -0.009497787037040175,
        "XZZXYYII": -0.009497787037040175,
        "YZZYXXII": -0.009497787037040175,
        "XZZXXXII": -0.009497787037040175,
        "IIZIIZII": 0.10165828534275224,
        "IYYIYYII": 0.0233834852275613,
        "IXXIYYII": 0.0233834852275613,
        "IYYIXXII": 0.0233834852275613,
        "IXXIXXII": 0.0233834852275613,
        "YZYIIZII": -0.0018151279839120574,
        "XZXIIZII": -0.0018151279839120574,
        "IZIIIZII": 0.10532848480118286,
        "YYIIYYII": 0.04160717370432501,
        "XXIIYYII": 0.04160717370432501,
        "YYIIXXII": 0.04160717370432501,
        "XXIIXXII": 0.04160717370432501,
        "ZIIIIZII": 0.10614564796755999,
        "IIIZZIII": 0.11619347760918815,
        "IYZYZIII": 0.019133222224860243,
        "IXZXZIII": 0.019133222224860243,
        "IIZIZIII": 0.10337857269220274,
        "YZYIZIII": 0.020591894182052404,