{
    "geometry": {
        "atoms": [
            "H",
            "H",
            "H",
            "H"
        ],
        "x": [
            0.0,
            0.0,
            0.0,
            0.0
        ],
        "y": [
            0.0,
            0.0,
            0.0,
            0.0
        ],
        "z": [
            -1.5,
            -0.5,
            0.5,
            1.5
        ]
    },
    "paired_hamiltonian": {
        "IIII": 0.16836285454399452,
        "IIIZ": 0.36272970257981796,
        "IIZI": 0.1758528930621719,
        "IIZZ": 0.3572410609460899,
        "IIXX": 0.07869102712081488,
        "IIYY": 0.07869102712081488,
        "IZII": -0.15808818452248202,
        "IZIZ": 0.39207802916216805,
        "IXIX": 0.05391606054203777,
        "IYIY": 0.05391606054203777,
        "ZIII": -0.6692242600656222,
        "ZIIZ": 0.4744174866414736,
        "XIIX": 0.048534748499661745,
        "YIIY": 0.048534748499661745,
        "IZZI": 0.37912284776036376,
        "IXXI": 0.06864135536107085,
        "IYYI": 0.06864135536107085,
        "ZIZI": 0.4116226329528633,
        "XIXI": 0.05232266351558597,
        "YIYI": 0.05232266351558597,
        "ZZII": 0.3989861842591613,
        "XXII": 0.08123223896768528,
        "YYII": 0.08123223896768528
    },
    "jordan_wigner_hamiltonian": {
        "IIIIIIII": -0.3314778134168095,
        "IIIIIIIZ": 0.18136485128990798,
        "IIIIIYZY": 0.005562131997511217,
        "IIIIIXZX": 0.005562131997511217,
        "IIIIIIZI": 0.0879264465310861,
        "IIIIYZYI": -0.017266560724924586,
        "IIIIXZXI": -0.017266560724924586,
        "IIIIIZII": -0.07904409226124082,
        "IIIIZIII": -0.33461213003281104,
        "IIIZIIII": 0.1813648512899082,
        "IYZYIIII": 0.00556213199751123,
        "IXZXIIII": 0.00556213199751123,
        "IIZIIIII": 0.08792644653108608,
        "YZYIIIII": -0.017266560724924537,
        "XZXIIIII": -0.017266560724924544,
        "IZIIIIII": -0.07904409226124073,
        "ZIIIIIII": -0.3346121300328109,
        "IIIIIIZZ": 0.0696375084563187,
        "IIIIYZYZ": 0.010290902970907612,
        "IIIIXZXZ": 0.010290902970907616,
        "IIIIIZIZ": 0.08454049215503259,
        "IIIIZIIZ": 0.10647068453545298,
        "IIIIIYIY": 0.022048950231499092,
        "IIIIIXIX": 0.022048950231499092,
        "IIIIYXXY": 0.01138810581246894,
        "IIIIYYYY": 0.024418228025864637,
        "IIIIXXYY": 0.013030122213395688,
        "IIIIYYXX": 0.013030122213395688,
        "IIIIXXXX": 0.024418228025864637,
        "IIIIXYYX": 0.01138810581246894,
        "IIIIZYZY": 0.011234473400252893,
        "IIIIZXZX": 0.011234473400252893,
        "IIIZIIIZ": 0.12432120849362671,
        "IIIZIYZY": 0.020391298291898452,
        "IIIZIXZX": 0.020391298291898452,
        "IIYYIIYY": 0.03934551356040744,
        "IIXXIIYY": 0.03934551356040744,
        "IIYYIIXX": 0.03934551356040744,
        "IIXXIIXX": 0.03934551356040744,
        "IIYYYZZY": -0.010770994389681784,
        "IIXXYZZY": -0.010770994389681784,
        "IIYYXZZX": -0.010770994389681784,
        "IIXXXZZX": -0.010770994389681784,
        "IYZYIIIZ": 0.020391298291898452,
        "IXZXIIIZ": 0.020391298291898452,
        "IYZYIYZY": 0.026958030271018885,
        "IXZXIYZY": 0.026958030271018885,
        "IYZYIXZX": 0.026958030271018885,
        "IXZXIXZX": 0.026958030271018885,
        "YZZYIIYY": -0.010770994389681782,
        "XZZXIIYY": -0.010770994389681782,
        "YZZYIIXX": -0.010770994389681782,
        "XZZXIIXX": -0.010770994389681782,
        "YZZYYZZY": 0.024267374249830866,
        "XZZXYZZY": 0.024267374249830866,
        "YZZYXZZX": 0.024267374249830866,
        "XZZXXZZX": 0.024267374249830866,
        "IIZIIIIZ": 0.10898302201672617,
        "IIZIIYZY": -0.002451288301373462,
        "IIZIIXZX": -0.002451288301373462,
        "IYYIIIYY": 0.024500238532872556,
        "IXXIIIYY": 0.024500238532872556,
        "IYYIIIXX": 0.024500238532872556,
        "IXXIIIXX": 0.024500238532872556,
        "IYYIYZZY": 0.013240139917215022,
        "IXXIYZZY": 0.013240139917215022,
        "IYYIXZZX": 0.013240139917215022,
        "IXXIXZZX": 0.013240139917215022,
        "YZYIIIIZ": 0.021061897360589405,
        "XZXIIIIZ": 0.021061897360589405,
        "YZYIIYZY": 0.024628245729683966,
        "XZXIIYZY": 0.024628245729683966,
        "YZYIIXZX": 0.024628245729683966,
        "XZXIIXZX": 0.024628245729683966,
        "IZIIIIIZ": 0.11149852242605143,
        "IZIIIYZY": 0.0017156570386366887,
        "IZIIIXZX": 0.0017156570386366887,
        "YYIIIIYY": 0.03765836794307966,
        "XXIIIIYY": 0.03765836794307966,
        "YYIIIIXX": 0.03765836794307966,
        "XXIIIIXX": 0.03765836794307966,
        "YYIIYZZY": -0.010242352362581504,
        "XXIIYZZY": -0.010242352362581504,
        "YYIIXZZX": -0.010242352362581504,
        "XXIIXZZX": -0.010242352362581504,
        "ZIIIIIIZ": 0.13073805878528383,
        "ZIIIIYZY": 0.0214768257628344,
        "ZIIIIXZX": 0.0214768257628344,
        "IIIIIZZI": 0.07762037309982325,
        "IIIIZIZI": 0.0898249923593193,
        "IIIIYIYI": 0.025545241514434585,
        "IIIIXIXI": 0.02554524151443458,
        "IIIZIIZI": 0.10898302201672617,
        "IIIZYZYI": 0.0210618973605894,
        "IIIZXZXI": 0.0210618973605894,
        "IIYYIYYI": 0.024500238532872556,
        "IIXXIYYI": 0.024500238532872556,
        "IIYYIXXI": 0.024500238532872556,
        "IIXXIXXI": 0.024500238532872556,
        "IYZYIIZI": -0.002451288301373461,
        "IXZXIIZI": -0.002451288301373461,
        "IYZYYZYI": 0.024628245729683966,
        "IXZXYZYI": 0.024628245729683966,
        "IYZYXZXI": 0.024628245729683966,
        "IXZXXZXI": 0.024628245729683966,
        "YZZYIYYI": 0.013240139917215022,
        "XZZXIYYI": 0.013240139917215022,
        "YZZYIXXI": 0.013240139917215022,
        "XZZXIXXI": 0.013240139917215022,
        "IIZIIIZI": 0.11340654161438059,
        "IIZIYZYI": 0.0010141239253516204,
        "IIZIXZXI": 0.0010141239253516204,
        "IYYIIYYI": 0.03432067768053543,
        "IXXIIYYI": 0.03432067768053543,
        "IYYIIXXI": 0.03432067768053543,
        "IXXIIXXI": 0.03432067768053543,
        "YZYIIIZI": 0.0010141239253516207,
        "XZXIIIZI": 0.0010141239253516207,
        "YZYIYZYI": 0.02616133175779298,
        "XZXIYZYI": 0.02616133175779298,
        "YZYIXZXI": 0.02616133175779298,
        "XZXIXZXI": 0.02616133175779298,
        "IZIIIIZI": 0.11194105078035865,
        "IZIIYZYI": 0.0007036277600324902,
        "IZIIXZXI": 0.0007036277600324902,
        "YYIIIYYI": 0.0248416137544021,
        "XXIIIYYI": 0.0248416137544021,
        "YYIIIXXI": 0.0248416137544021,
        "XXIIIXXI": 0.0248416137544021,
        "ZIIIIIZI": 0.1159863241171123,
        "ZIIIYZYI": 0.02338450413954825,
        "ZIIIXZXI": 0.02338450413954825,
        "IIIIZZII": 0.07943848632286898,
        "IIIZIZII": 0.11149852242605143,
        "IIYYYYII": 0.037658367943079654,
        "IIXXYYII": 0.037658367943079654,
        "IIYYXXII": 0.037658367943079654,
        "IIXXXXII": 0.037658367943079654,
        "IYZYIZII": 0.0017156570386366887,
        "IXZXIZII": 0.0017156570386366887,
        "YZZYYYII": -0.010242352362581506,
        "XZZXYYII": -0.010242352362581506,
        "YZZYXXII": -0.010242352362581506,
        "XZZXXXII": -0.010242352362581506,
        "IIZIIZII": 0.11194105078035867,
        "IYYIYYII": 0.0248416137544021,
        "IXXIYYII": 0.0248416137544021,
        "IYYIXXII": 0.0248416137544021,
        "IXXIXXII": 0.0248416137544021,
        "YZYIIZII": 0.0007036277600324901,
        "XZXIIZII": 0.0007036277600324901,
        "IZIIIZII": 0.11685143854472026,
        "YYIIYYII": 0.040616119483842625,
        "XXIIYYII": 0.040616119483842625,
        "YYIIXXII": 0.040616119483842625,
        "XXIIXXII": 0.040616119483842625,
        "ZIIIIZII": 0.12005460580671164,
        "IIIZZIII": 0.13073805878528383,
        "IYZYZIII": 0.021476825762834405,
        "IXZXZIII": 0.021476825762834405,