{
    "atoms": [
        "H",
        "H",
        "H",
        "H"
    ],
    "x": [
        0.0,
        0.0,
        0.0,
        0.0
    ],
    "y": [
        0.0,
        0.0,
        0.0,
        0.0
    ],
    "z": [
        -1.125,
        -0.375,
        0.375,
        1.125
    ],
    "paired_hamiltonian": {
        "IIII": 1.16104635853379,
        "IIIZ": 0.4631173667169308,
        "IIZI": 0.17633824893825367,
        "IIZZ": 0.41767041700959595,
        "IIXX": 0.07753979440924327,
        "IIYY": 0.07753979440924327,
        "IZII": -0.3373899990890519,
        "IZIZ": 0.46036667617577837,
        "IXIX": 0.05351514360408638,
        "IYIY": 0.05351514360408638,
        "ZIII": -1.249008218426625,
        "ZIIZ": 0.5578589157008823,
        "XIIX": 0.0465649600847821,
        "YIIY": 0.0465649600847821,
        "IZZI": 0.43762834388517935,
        "IXXI": 0.06947505415268782,
        "IYYI": 0.06947505415268782,
        "ZIZI": 0.48507002496291285,
        "XIXI": 0.050468741950268445,
        "YIYI": 0.050468741950268445,
        "ZZII": 0.48477019535235305,
        "XXII": 0.07864798061969501,
        "YYII": 0.07864798061969501
    },
    "jordan_wigner_hamiltonian": {
        "IIIIIIII": 0.5840651472669309,
        "IIIIIIIZ": 0.2315586833584653,
        "IIIIIYZY": 0.00247858376765997,
        "IIIIIXZX": 0.0024785837676599975,
        "IIIIIIZI": 0.08816912446912728,
        "IIIIIIZZ": 0.08503265565008815,
        "IIIIYZYI": 0.023617156516608902,
        "IIIIXZXI": 0.023617156516608902,
        "IIIIYZYZ": -0.012223002937485433,
        "IIIIXZXZ": -0.012223002937485433,
        "IIIIIZII": -0.16869499954452627,
        "IIIIIZIZ": 0.10171288314292301,
        "IIIIZIII": -0.6245041092133128,
        "IIIIZIIZ": 0.1278234889040251,
        "IIIIIYIY": 0.02577126143204923,
        "IIIIIXIX": 0.02577126143204923,
        "IIIIYXXY": -0.013667420629446776,
        "IIIIYYYY": -0.026429302593468634,
        "IIIIXXYY": -0.012761881964021844,
        "IIIIYYXX": -0.012761881964021844,
        "IIIIXXXX": -0.026429302593468634,
        "IIIIXYYX": -0.013667420629446776,
        "IIIIZYZY": 0.014094116168985094,
        "IIIIZXZX": 0.014094116168985094,
        "IIIZIIII": 0.2315586833584653,
        "IIIZIIIZ": 0.1414673283054656,
        "IIIZIYZY": 0.023375458226944576,
        "IIIZIXZX": 0.023375458226944576,
        "IIYYIIYY": 0.03876989720462163,
        "IIXXIIYY": 0.03876989720462163,
        "IIYYIIXX": 0.03876989720462163,
        "IIXXIIXX": 0.03876989720462163,
        "IIYYYZZY": 0.012077607228220199,
        "IIXXYZZY": 0.012077607228220199,
        "IIYYXZZX": 0.012077607228220199,
        "IIXXXZZX": 0.012077607228220199,
        "IYZYIIII": 0.0024785837676599975,
        "IYZYIIIZ": 0.023375458226944573,
        "IXZXIIII": 0.0024785837676599975,
        "IXZXIIIZ": 0.023375458226944573,
        "IYZYIYZY": 0.026757571802043193,
        "IXZXIYZY": 0.026757571802043193,
        "IYZYIXZX": 0.026757571802043193,
        "IXZXIXZX": 0.026757571802043193,
        "YZZYIIYY": 0.0120776072282202,
        "XZZXIIYY": 0.0120776072282202,
        "YZZYIIXX": 0.0120776072282202,
        "XZZXIIXX": 0.0120776072282202,
        "YZZYYZZY": 0.023282480042391047,
        "XZZXYZZY": 0.023282480042391047,
        "YZZYXZZX": 0.023282480042391047,
        "XZZXXZZX": 0.023282480042391047,
        "IIZIIIII": 0.08816912446912739,
        "IIZIIIIZ": 0.12380255285470979,
        "IIZIIYZY": -0.0006095279486286661,
        "IIZIIXZX": -0.0006095279486286661,
        "IYYIIIYY": 0.026380789380677897,
        "IXXIIIYY": 0.026380789380677897,
        "IYYIIIXX": 0.026380789380677897,
        "IXXIIIXX": 0.026380789380677897,
        "IYYIYZZY": -0.009582618212910453,
        "IXXIYZZY": -0.009582618212910453,
        "IYYIXZZX": -0.009582618212910453,
        "IXXIXZZX": -0.009582618212910453,
        "YZYIIIII": 0.023617156516608916,
        "YZYIIIIZ": -0.02430061016570563,
        "XZXIIIII": 0.023617156516608902,
        "XZXIIIIZ": -0.02430061016570563,
        "YZYIIYZY": -0.023250038842357233,
        "XZXIIYZY": -0.023250038842357233,
        "YZYIIXZX": -0.023250038842357233,
        "XZXIIXZX": -0.023250038842357233,
        "IZIIIIII": -0.1686949995445256,
        "IZIIIIIZ": 0.1284704549449662,
        "IZIIIYZY": 0.006251041606289769,
        "IZIIIXZX": 0.006251041606289769,
        "YYIIIIYY": -0.03601192080637908,
        "XXIIIIYY": -0.03601192080637908,
        "YYIIIIXX": -0.03601192080637908,
        "XXIIIIXX": -0.03601192080637908,
        "YYIIYZZY": -0.01161934442056603,
        "XXIIYZZY": -0.01161934442056603,
        "YYIIXZZX": -0.01161934442056603,
        "XXIIXZZX": -0.01161934442056603,
        "ZIIIIIII": -0.6245041092133123,
        "ZIIIIIIZ": 0.15110596894641612,
        "ZIIIIYZY": 0.02571346058955113,
        "ZIIIIXZX": 0.02571346058955113,
        "IIIIIZZI": 0.09203832243312289,
        "IIIIZIZI": 0.10865032075316113,
        "IIIIYIYI": -0.030908086923600135,
        "IIIIXIXI": -0.03090808692360013,
        "IIIZIIZI": 0.12380255285470979,
        "IIIZYZYI": -0.024300610165705637,
        "IIIZXZXI": -0.024300610165705637,
        "IIYYIYYI": 0.026380789380677897,
        "IIXXIYYI": 0.026380789380677897,
        "IIYYIXXI": 0.026380789380677897,
        "IIXXIXXI": 0.026380789380677897,
        "IYZYIIZI": -0.000609527948628666,
        "IXZXIIZI": -0.000609527948628666,
        "IYZYYZYI": -0.023250038842357233,
        "IXZXYZYI": -0.023250038842357233,
        "IYZYXZXI": -0.023250038842357233,
        "IXZXXZXI": -0.023250038842357233,
        "YZZYIYYI": -0.00958261821291045,
        "XZZXIYYI": -0.00958261821291045,
        "YZZYIXXI": -0.00958261821291045,
        "XZZXIXXI": -0.00958261821291045,
        "IIZIIIZI": 0.12832090161894946,
        "IIZIYZYI": -0.004296433515690619,
        "IIZIXZXI": -0.004296433515690619,
        "IYYIIYYI": 0.03473752707634391,
        "IXXIIYYI": 0.03473752707634391,
        "IYYIIXXI": 0.03473752707634391,
        "IXXIIXXI": 0.03473752707634391,
        "YZYIIIZI": -0.004296433515690619,
        "XZXIIIZI": -0.004296433515690619,
        "YZYIYZYI": 0.025234370975134243,
        "XZXIYZYI": 0.025234370975134243,
        "YZYIXZXI": 0.025234370975134243,
        "XZXIXZXI": 0.025234370975134243,
        "IZIIIIZI": 0.1267758495094668,
        "IZIIYZYI": -0.005067125645600573,
        "IZIIXZXI": -0.005067125645600573,
        "YYIIIYYI": -0.025840961277999563,
        "XXIIIYYI": -0.025840961277999563,
        "YYIIIXXI": -0.025840961277999563,
        "XXIIIXXI": -0.025840961277999563,
        "ZIIIIIZI": 0.13388469172829534,
        "ZIIIYZYI": -0.028461981357665384,
        "ZIIIXZXI": -0.028461981357665384,
        "IIIIZZII": 0.1015305536831645,
        "IIIZIZII": 0.1284704549449662,
        "IIYYYYII": -0.03601192080637908,
        "IIXXYYII": -0.03601192080637908,
        "IIYYXXII": -0.03601192080637908,
        "IIXXXXII": -0.03601192080637908,
        "IYZYIZII": 0.006251041606289768,
        "IXZXIZII": 0.006251041606289768,
        "YZZYYYII": -0.01161934442056603,
        "XZZXYYII": -0.01161934442056603,
        "YZZYXXII": -0.01161934442056603,
        "XZZXXXII": -0.01161934442056603,
        "IIZIIZII": 0.1267758495094668,
        "IYYIYYII": -0.02584096127799957,
        "IXXIYYII": -0.02584096127799957,
        "IYYIXXII": -0.02584096127799957,
        "IXXIXXII": -0.02584096127799957,
        "YZYIIZII": -0.005067125645600573,
        "XZXIIZII": -0.005067125645600573,
        "IZIIIZII": 0.1336870844219991,
        "YYIIYYII": 0.0393239903098475,
        "XXIIYYII": 0.0393239903098475,
        "YYIIXXII": 0.0393239903098475,
        "XXIIXXII": 0.0393239903098475,
        "ZIIIIZII": 0.140854543993012,
        "IIIZZIII": 0.15110596894641612,
        "IYZYZIII": 0.025713460589551124,
        "IXZXZIII": 0.025713460589551124,
        "IIZIZIII": 0.13388469172829537,
        "YZYIZIII": -0.028461981357665388,