{
    "atoms": [
        "H",
        "H",
        "H",
        "H"
    ],
    "x": [
        0.0,
        0.0,
        0.0,
        0.0
    ],
    "y": [
        0.0,
        0.0,
        0.0,
        0.0
    ],
    "z": [
        -1.5,
        -0.5,
        0.5,
        1.5
    ],
    "paired_hamiltonian": {
        "IIII": 0.1683628545439963,
        "IIIZ": 0.36272970257981707,
        "IIZI": 0.17585289306217095,
        "IIZZ": 0.3572410609460902,
        "IIXX": 0.07869102712081497,
        "IIYY": 0.07869102712081497,
        "IZII": -0.15808818452248297,
        "IZIZ": 0.3920780291621687,
        "IXIX": 0.05391606054203782,
        "IYIY": 0.05391606054203782,
        "ZIII": -0.6692242600656244,
        "ZIIZ": 0.47441748664147454,
        "XIIX": 0.04853474849966183,
        "YIIY": 0.04853474849966183,
        "IZZI": 0.37912284776036415,
        "IXXI": 0.06864135536107095,
        "IYYI": 0.06864135536107095,
        "ZIZI": 0.41162263295286383,
        "XIXI": 0.05232266351558601,
        "YIYI": 0.05232266351558601,
        "ZZII": 0.398986184259162,
        "XXII": 0.08123223896768539,
        "YYII": 0.08123223896768539
    },
    "jordan_wigner_hamiltonian": {
        "IIIIIIII": -0.33147781341681437,
        "IIIIIIIZ": 0.18136485128990798,
        "IIIIIYZY": 0.005562131997511127,
        "IIIIIXZX": 0.005562131997511127,
        "IIIIIIZI": 0.0879264465310855,
        "IIIIIIZZ": 0.06963750845631879,
        "IIIIYZYI": -0.01726656072492478,
        "IIIIXZXI": -0.017266560724924794,
        "IIIIYZYZ": 0.010290902970907598,
        "IIIIXZXZ": 0.0102909029709076,
        "IIIIIZII": -0.07904409226124176,
        "IIIIIZIZ": 0.0845404921550327,
        "IIIIZIII": -0.33461213003281254,
        "IIIIZIIZ": 0.10647068453545316,
        "IIIIIYIY": 0.022048950231499092,
        "IIIIIXIX": 0.02204895023149909,
        "IIIIYXXY": 0.011388105812468942,
        "IIIIYYYY": 0.02441822802586468,
        "IIIIXXYY": 0.013030122213395733,
        "IIIIYYXX": 0.013030122213395733,
        "IIIIXXXX": 0.02441822802586468,
        "IIIIXYYX": 0.011388105812468942,
        "IIIIZYZY": 0.011234473400252874,
        "IIIIZXZX": 0.011234473400252874,
        "IIIZIIII": 0.1813648512899081,
        "IIIZIIIZ": 0.1243212084936269,
        "IIIZIYZY": 0.02039129829189843,
        "IIIZIXZX": 0.02039129829189843,
        "IIYYIIYY": 0.03934551356040749,
        "IIXXIIYY": 0.03934551356040749,
        "IIYYIIXX": 0.03934551356040749,
        "IIXXIIXX": 0.03934551356040749,
        "IIYYYZZY": -0.010770994389681791,
        "IIXXYZZY": -0.010770994389681791,
        "IIYYXZZX": -0.010770994389681791,
        "IIXXXZZX": -0.010770994389681791,
        "IYZYIIII": 0.005562131997511127,
        "IYZYIIIZ": 0.02039129829189843,
        "IXZXIIII": 0.005562131997511127,
        "IXZXIIIZ": 0.02039129829189843,
        "IYZYIYZY": 0.026958030271018913,
        "IXZXIYZY": 0.026958030271018913,
        "IYZYIXZX": 0.026958030271018913,
        "IXZXIXZX": 0.026958030271018913,
        "YZZYIIYY": -0.010770994389681791,
        "XZZXIIYY": -0.010770994389681791,
        "YZZYIIXX": -0.010770994389681791,
        "XZZXIIXX": -0.010770994389681791,
        "YZZYYZZY": 0.024267374249830914,
        "XZZXYZZY": 0.024267374249830914,
        "YZZYXZZX": 0.024267374249830914,
        "XZZXXZZX": 0.024267374249830914,
        "IIZIIIII": 0.08792644653108594,
        "IIZIIIIZ": 0.10898302201672629,
        "IIZIIYZY": -0.0024512883013735024,
        "IIZIIXZX": -0.0024512883013735024,
        "IYYIIIYY": 0.024500238532872594,
        "IXXIIIYY": 0.024500238532872594,
        "IYYIIIXX": 0.024500238532872594,
        "IXXIIIXX": 0.024500238532872594,
        "IYYIYZZY": 0.013240139917215041,
        "IXXIYZZY": 0.013240139917215041,
        "IYYIXZZX": 0.013240139917215041,
        "IXXIXZZX": 0.013240139917215041,
        "YZYIIIII": -0.017266560724924794,
        "YZYIIIIZ": 0.021061897360589388,
        "XZXIIIII": -0.017266560724924794,
        "XZXIIIIZ": 0.021061897360589388,
        "YZYIIYZY": 0.024628245729683983,
        "XZXIIYZY": 0.024628245729683983,
        "YZYIIXZX": 0.024628245729683983,
        "XZXIIXZX": 0.024628245729683983,
        "IZIIIIII": -0.0790440922612422,
        "IZIIIIIZ": 0.11149852242605163,
        "IZIIIYZY": 0.0017156570386366431,
        "IZIIIXZX": 0.0017156570386366431,
        "YYIIIIYY": 0.037658367943079724,
        "XXIIIIYY": 0.037658367943079724,
        "YYIIIIXX": 0.037658367943079724,
        "XXIIIIXX": 0.037658367943079724,
        "YYIIYZZY": -0.010242352362581504,
        "XXIIYZZY": -0.010242352362581504,
        "YYIIXZZX": -0.010242352362581504,
        "XXIIXZZX": -0.010242352362581504,
        "ZIIIIIII": -0.33461213003281276,
        "ZIIIIIIZ": 0.1307380587852841,
        "ZIIIIYZY": 0.021476825762834374,
        "ZIIIIXZX": 0.021476825762834374,
        "IIIIIZZI": 0.07762037309982328,
        "IIIIZIZI": 0.08982499235931946,
        "IIIIYIYI": 0.025545241514434595,
        "IIIIXIXI": 0.025545241514434595,
        "IIIZIIZI": 0.10898302201672629,
        "IIIZYZYI": 0.021061897360589395,
        "IIIZXZXI": 0.021061897360589395,
        "IIYYIYYI": 0.024500238532872594,
        "IIXXIYYI": 0.024500238532872594,
        "IIYYIXXI": 0.024500238532872594,
        "IIXXIXXI": 0.024500238532872594,
        "IYZYIIZI": -0.0024512883013735024,
        "IXZXIIZI": -0.0024512883013735024,
        "IYZYYZYI": 0.024628245729683987,
        "IXZXYZYI": 0.024628245729683987,
        "IYZYXZXI": 0.024628245729683987,
        "IXZXXZXI": 0.024628245729683987,
        "YZZYIYYI": 0.013240139917215041,
        "XZZXIYYI": 0.013240139917215041,
        "YZZYIXXI": 0.013240139917215041,
        "XZZXIXXI": 0.013240139917215041,
        "IIZIIIZI": 0.1134065416143806,
        "IIZIYZYI": 0.001014123925351593,
        "IIZIXZXI": 0.001014123925351593,
        "IYYIIYYI": 0.034320677680535476,
        "IXXIIYYI": 0.034320677680535476,
        "IYYIIXXI": 0.034320677680535476,
        "IXXIIXXI": 0.034320677680535476,
        "YZYIIIZI": 0.001014123925351593,
        "XZXIIIZI": 0.001014123925351593,
        "YZYIYZYI": 0.026161331757793,
        "XZXIYZYI": 0.026161331757793,
        "YZYIXZXI": 0.026161331757793,
        "XZXIXZXI": 0.026161331757793,
        "IZIIIIZI": 0.11194105078035876,
        "IZIIYZYI": 0.0007036277600324433,
        "IZIIXZXI": 0.0007036277600324433,
        "YYIIIYYI": 0.02484161375440216,
        "XXIIIYYI": 0.02484161375440216,
        "YYIIIXXI": 0.02484161375440216,
        "XXIIIXXI": 0.02484161375440216,
        "ZIIIIIZI": 0.11598632411711243,
        "ZIIIYZYI": 0.02338450413954821,
        "ZIIIXZXI": 0.02338450413954821,
        "IIIIZZII": 0.07943848632286915,
        "IIIZIZII": 0.11149852242605163,
        "IIYYYYII": 0.03765836794307972,
        "IIXXYYII": 0.03765836794307972,
        "IIYYXXII": 0.03765836794307972,
        "IIXXXXII": 0.03765836794307972,
        "IYZYIZII": 0.0017156570386366434,
        "IXZXIZII": 0.0017156570386366434,
        "YZZYYYII": -0.010242352362581503,
        "XZZXYYII": -0.010242352362581503,
        "YZZYXXII": -0.010242352362581503,
        "XZZXXXII": -0.010242352362581503,
        "IIZIIZII": 0.11194105078035878,
        "IYYIYYII": 0.024841613754402157,
        "IXXIYYII": 0.024841613754402157,
        "IYYIXXII": 0.024841613754402157,
        "IXXIXXII": 0.024841613754402157,
        "YZYIIZII": 0.0007036277600324432,
        "XZXIIZII": 0.0007036277600324432,
        "IZIIIZII": 0.11685143854472044,
        "YYIIYYII": 0.04061611948384269,
        "XXIIYYII": 0.04061611948384269,
        "YYIIXXII": 0.04061611948384269,
        "XXIIXXII": 0.04061611948384269,
        "ZIIIIZII": 0.12005460580671182,
        "IIIZZIII": 0.1307380587852841,
        "IYZYZIII": 0.021476825762834377,
        "IXZXZIII": 0.021476825762834377,
        "IIZIZIII": 0.11598632411711243,
        "YZYIZIII": 0.023384504139548214,