{
    "atoms": [
        "H",
        "H",
        "H",
        "H"
    ],
    "x": [
        0.0,
        0.0,
        0.0,
        0.0
    ],
    "y": [
        0.0,
        0.0,
        0.0,
        0.0
    ],
    "z": [
        -1.5,
        -0.5,
        0.5,
        1.5
    ],
    "paired_hamiltonian": {
        "IIII": 0.16836285454399463,
        "IIIZ": 0.36272970257981785,
        "IIZI": 0.17585289306217128,
        "IIZZ": 0.3572410609460904,
        "IIXX": 0.07869102712081502,
        "IIYY": 0.07869102712081502,
        "IZII": -0.15808818452248258,
        "IZIZ": 0.3920780291621685,
        "IXIX": 0.053916060542037826,
        "IYIY": 0.053916060542037826,
        "ZIII": -0.6692242600656226,
        "ZIIZ": 0.47441748664147393,
        "XIIX": 0.048534748499661745,
        "YIIY": 0.048534748499661745,
        "IZZI": 0.3791228477603641,
        "IXXI": 0.06864135536107088,
        "IYYI": 0.06864135536107088,
        "ZIZI": 0.4116226329528633,
        "XIXI": 0.05232266351558594,
        "YIYI": 0.05232266351558594,
        "ZZII": 0.39898618425916105,
        "XXII": 0.08123223896768522,
        "YYII": 0.08123223896768522
    },
    "jordan_wigner_hamiltonian": {
        "IIIIIIII": -0.33147781341681526,
        "IIIIIIIZ": 0.18136485128990887,
        "IIIIIYZY": 0.005562131997511266,
        "IIIIIXZX": 0.005562131997511266,
        "IIIIIIZI": 0.08792644653108606,
        "IIIIIIZZ": 0.06963750845631887,
        "IIIIYZYI": -0.017266560724924836,
        "IIIIXZXI": -0.017266560724924836,
        "IIIIYZYZ": 0.010290902970907605,
        "IIIIXZXZ": 0.010290902970907605,
        "IIIIIZII": -0.07904409226124087,
        "IIIIIZIZ": 0.08454049215503266,
        "IIIIZIII": -0.3346121300328109,
        "IIIIZIIZ": 0.10647068453545305,
        "IIIIIYIY": 0.022048950231499102,
        "IIIIIXIX": 0.022048950231499102,
        "IIIIYXXY": 0.01138810581246893,
        "IIIIYYYY": 0.024418228025864654,
        "IIIIXXYY": 0.01303012221339573,
        "IIIIYYXX": 0.01303012221339573,
        "IIIIXXXX": 0.024418228025864654,
        "IIIIXYYX": 0.01138810581246893,
        "IIIIZYZY": 0.011234473400252878,
        "IIIIZXZX": 0.011234473400252878,
        "IIIZIIII": 0.18136485128990887,
        "IIIZIIIZ": 0.12432120849362695,
        "IIIZIYZY": 0.02039129829189847,
        "IIIZIXZX": 0.02039129829189847,
        "IIYYIIYY": 0.039345513560407504,
        "IIXXIIYY": 0.039345513560407504,
        "IIYYIIXX": 0.039345513560407504,
        "IIXXIIXX": 0.039345513560407504,
        "IIYYYZZY": -0.010770994389681774,
        "IIXXYZZY": -0.010770994389681774,
        "IIYYXZZX": -0.010770994389681774,
        "IIXXXZZX": -0.010770994389681774,
        "IYZYIIII": 0.005562131997511238,
        "IYZYIIIZ": 0.020391298291898466,
        "IXZXIIII": 0.005562131997511252,
        "IXZXIIIZ": 0.020391298291898466,
        "IYZYIYZY": 0.026958030271018917,
        "IXZXIYZY": 0.026958030271018917,
        "IYZYIXZX": 0.026958030271018917,
        "IXZXIXZX": 0.026958030271018917,
        "YZZYIIYY": -0.010770994389681775,
        "XZZXIIYY": -0.010770994389681775,
        "YZZYIIXX": -0.010770994389681775,
        "XZZXIIXX": -0.010770994389681775,
        "YZZYYZZY": 0.024267374249830866,
        "XZZXYZZY": 0.024267374249830866,
        "YZZYXZZX": 0.024267374249830866,
        "XZZXXZZX": 0.024267374249830866,
        "IIZIIIII": 0.08792644653108628,
        "IIZIIIIZ": 0.10898302201672637,
        "IIZIIYZY": -0.002451288301373472,
        "IIZIIXZX": -0.002451288301373472,
        "IYYIIIYY": 0.02450023853287258,
        "IXXIIIYY": 0.02450023853287258,
        "IYYIIIXX": 0.02450023853287258,
        "IXXIIIXX": 0.02450023853287258,
        "IYYIYZZY": 0.013240139917215045,
        "IXXIYZZY": 0.013240139917215045,
        "IYYIXZZX": 0.013240139917215045,
        "IXXIXZZX": 0.013240139917215045,
        "YZYIIIII": -0.017266560724924794,
        "YZYIIIIZ": 0.021061897360589384,
        "XZXIIIII": -0.017266560724924794,
        "XZXIIIIZ": 0.021061897360589384,
        "YZYIIYZY": 0.02462824572968398,
        "XZXIIYZY": 0.02462824572968398,
        "YZYIIXZX": 0.02462824572968398,
        "XZXIIXZX": 0.02462824572968398,
        "IZIIIIII": -0.07904409226124087,
        "IZIIIIIZ": 0.1114985224260516,
        "IZIIIYZY": 0.001715657038636686,
        "IZIIIXZX": 0.001715657038636686,
        "YYIIIIYY": 0.037658367943079696,
        "XXIIIIYY": 0.037658367943079696,
        "YYIIIIXX": 0.037658367943079696,
        "XXIIIIXX": 0.037658367943079696,
        "YYIIYZZY": -0.010242352362581475,
        "XXIIYZZY": -0.010242352362581475,
        "YYIIXZZX": -0.010242352362581475,
        "XXIIXZZX": -0.010242352362581475,
        "ZIIIIIII": -0.33461213003281054,
        "ZIIIIIIZ": 0.1307380587852839,
        "ZIIIIYZY": 0.021476825762834363,
        "ZIIIIXZX": 0.021476825762834363,
        "IIIIIZZI": 0.07762037309982328,
        "IIIIZIZI": 0.08982499235931932,
        "IIIIYIYI": 0.025545241514434564,
        "IIIIXIXI": 0.025545241514434564,
        "IIIZIIZI": 0.10898302201672637,
        "IIIZYZYI": 0.021061897360589384,
        "IIIZXZXI": 0.021061897360589384,
        "IIYYIYYI": 0.02450023853287258,
        "IIXXIYYI": 0.02450023853287258,
        "IIYYIXXI": 0.02450023853287258,
        "IIXXIXXI": 0.02450023853287258,
        "IYZYIIZI": -0.002451288301373472,
        "IXZXIIZI": -0.002451288301373472,
        "IYZYYZYI": 0.02462824572968398,
        "IXZXYZYI": 0.02462824572968398,
        "IYZYXZXI": 0.02462824572968398,
        "IXZXXZXI": 0.02462824572968398,
        "YZZYIYYI": 0.013240139917215047,
        "XZZXIYYI": 0.013240139917215047,
        "YZZYIXXI": 0.013240139917215047,
        "XZZXIXXI": 0.013240139917215047,
        "IIZIIIZI": 0.11340654161438067,
        "IIZIYZYI": 0.0010141239253515745,
        "IIZIXZXI": 0.0010141239253515745,
        "IYYIIYYI": 0.034320677680535434,
        "IXXIIYYI": 0.034320677680535434,
        "IYYIIXXI": 0.034320677680535434,
        "IXXIIXXI": 0.034320677680535434,
        "YZYIIIZI": 0.0010141239253515745,
        "XZXIIIZI": 0.0010141239253515745,
        "YZYIYZYI": 0.026161331757792974,
        "XZXIYZYI": 0.026161331757792974,
        "YZYIXZXI": 0.026161331757792974,
        "XZXIXZXI": 0.026161331757792974,
        "IZIIIIZI": 0.11194105078035875,
        "IZIIYZYI": 0.0007036277600324571,
        "IZIIXZXI": 0.0007036277600324571,
        "YYIIIYYI": 0.024841613754402105,
        "XXIIIYYI": 0.024841613754402105,
        "YYIIIXXI": 0.024841613754402105,
        "XXIIIXXI": 0.024841613754402105,
        "ZIIIIIZI": 0.11598632411711231,
        "ZIIIYZYI": 0.023384504139548137,
        "ZIIIXZXI": 0.023384504139548137,
        "IIIIZZII": 0.07943848632286898,
        "IIIZIZII": 0.1114985224260516,
        "IIYYYYII": 0.03765836794307971,
        "IIXXYYII": 0.03765836794307971,
        "IIYYXXII": 0.03765836794307971,
        "IIXXXXII": 0.03765836794307971,
        "IYZYIZII": 0.001715657038636686,
        "IXZXIZII": 0.001715657038636686,
        "YZZYYYII": -0.010242352362581475,
        "XZZXYYII": -0.010242352362581475,
        "YZZYXXII": -0.010242352362581475,
        "XZZXXXII": -0.010242352362581475,
        "IIZIIZII": 0.11194105078035874,
        "IYYIYYII": 0.024841613754402112,
        "IXXIYYII": 0.024841613754402112,
        "IYYIXXII": 0.024841613754402112,
        "IXXIXXII": 0.024841613754402112,
        "YZYIIZII": 0.0007036277600324569,
        "XZXIIZII": 0.0007036277600324569,
        "IZIIIZII": 0.11685143854472026,
        "YYIIYYII": 0.0406161194838426,
        "XXIIYYII": 0.0406161194838426,
        "YYIIXXII": 0.0406161194838426,
        "XXIIXXII": 0.0406161194838426,
        "ZIIIIZII": 0.12005460580671157,
        "IIIZZIII": 0.13073805878528394,
        "IYZYZIII": 0.02147682576283436,
        "IXZXZIII": 0.02147682576283436,
        "IIZIZIII": 0.11598632411711231,
        "YZYIZIII": 0.023384504139548137,