{
    "atoms": [
        "H",
        "H",
        "H",
        "H"
    ],
    "x": [
        0.0,
        0.0,
        0.0,
        0.0
    ],
    "y": [
        0.0,
        0.0,
        0.0,
        0.0
    ],
    "z": [
        -1.875,
        -0.625,
        0.625,
        1.875
    ],
    "paired_hamiltonian": {
        "IIII": -0.28581895915912914,
        "IIIZ": 0.2924773420472346,
        "IIZI": 0.1605354312317442,
        "IIZZ": 0.3131305764203144,
        "IIXX": 0.07894756378665005,
        "IIYY": 0.07894756378665005,
        "IZII": -0.06708808986859571,
        "IZIZ": 0.34324145158654973,
        "IXIX": 0.05525194710675663,
        "IYIY": 0.05525194710675663,
        "ZIII": -0.372201609315591,
        "ZIIZ": 0.41328202599887137,
        "XIIX": 0.051491884437880914,
        "YIIY": 0.051491884437880914,
        "IZZI": 0.33740635237296823,
        "IXXI": 0.06922678899804055,
        "IYYI": 0.06922678899804055,
        "ZIZI": 0.35814823208004326,
        "XIXI": 0.055366058688767754,
        "YIYI": 0.055366058688767754,
        "ZZII": 0.34136824446158986,
        "XXII": 0.08321434740865002,
        "YYII": 0.08321434740865002
    },
    "jordan_wigner_hamiltonian": {
        "IIIIIIII": -0.731261394345539,
        "IIIIIIIZ": 0.14623867102361698,
        "IIIIIYZY": 0.006465200479116653,
        "IIIIIXZX": 0.006465200479116653,
        "IIIIIIZI": 0.08026771561587198,
        "IIIIIIZZ": 0.05854575315841606,
        "IIIIYZYI": 0.013401096490779769,
        "IIIIXZXI": 0.013401096490779769,
        "IIIIYZYZ": -0.009167496908759381,
        "IIIIXZXZ": -0.009167496908759377,
        "IIIIIZII": -0.03354404493429752,
        "IIIIIZIZ": 0.0719973761199483,
        "IIIIZIII": -0.1861008046577957,
        "IIIIZIIZ": 0.09044753539024762,
        "IIIIIYIY": 0.019152439297158933,
        "IIIIIXIX": 0.019152439297158933,
        "IIIIYXXY": -0.009719934427165225,
        "IIIIYYYY": -0.022203991577119313,
        "IIIIXXYY": -0.012484057149954082,
        "IIIIYYXX": -0.012484057149954082,
        "IIIIXXXX": -0.022203991577119313,
        "IIIIXYYX": -0.009719934427165225,
        "IIIIZYZY": 0.009635435187820045,
        "IIIIZXZX": 0.009635435187820045,
        "IIIZIIII": 0.1462386710236172,
        "IIIZIIIZ": 0.1112651523020802,
        "IIIZIYZY": 0.018362683184973253,
        "IIIZIXZX": 0.018362683184973253,
        "IIYYIIYY": 0.03947378189332502,
        "IIXXIIYY": 0.03947378189332502,
        "IIYYIIXX": 0.03947378189332502,
        "IIXXIIXX": 0.03947378189332502,
        "IIYYYZZY": 0.009813651021394513,
        "IIXXYZZY": 0.009813651021394513,
        "IIYYXZZX": 0.009813651021394513,
        "IIXXXZZX": 0.009813651021394513,
        "IYZYIIII": 0.006465200479116598,
        "IYZYIIIZ": 0.018362683184973253,
        "IXZXIIII": 0.006465200479116605,
        "IXZXIIIZ": 0.018362683184973253,
        "IYZYIYZY": 0.027625973553378314,
        "IXZXIYZY": 0.027625973553378314,
        "IYZYIXZX": 0.027625973553378314,
        "IXZXIXZX": 0.027625973553378314,
        "YZZYIIYY": 0.00981365102139451,
        "XZZXIIYY": 0.00981365102139451,
        "YZZYIIXX": 0.00981365102139451,
        "XZZXIIXX": 0.00981365102139451,
        "YZZYYZZY": 0.025745942218940457,
        "XZZXYZZY": 0.025745942218940457,
        "YZZYXZZX": 0.025745942218940457,
        "XZZXXZZX": 0.025745942218940457,
        "IIZIIIII": 0.08026771561587165,
        "IIZIIIIZ": 0.0980195350517411,
        "IIZIIYZY": -0.0034532950964180856,
        "IIZIIXZX": -0.0034532950964180856,
        "IYYIIIYY": 0.02260573439357702,
        "IXXIIIYY": 0.02260573439357702,
        "IYYIIIXX": 0.02260573439357702,
        "IXXIIIXX": 0.02260573439357702,
        "IYYIYZZY": -0.01671189954347829,
        "IXXIYZZY": -0.01671189954347829,
        "IYYIXZZX": -0.01671189954347829,
        "IXXIXZZX": -0.01671189954347829,
        "YZYIIIII": 0.013401096490779755,
        "YZYIIIIZ": -0.018981147930153888,
        "XZXIIIII": 0.013401096490779755,
        "XZXIIIIZ": -0.018981147930153888,
        "YZYIIYZY": -0.026431833970643515,
        "XZXIIYZY": -0.026431833970643515,
        "YZYIIXZX": -0.026431833970643515,
        "XZXIIXZX": -0.026431833970643515,
        "IZIIIIII": -0.033544044934298745,
        "IZIIIIIZ": 0.09962334967332659,
        "IZIIIYZY": -0.0011712795960174243,
        "IZIIIXZX": -0.0011712795960174243,
        "YYIIIIYY": -0.038915891120597595,
        "XXIIIIYY": -0.038915891120597595,
        "YYIIIIXX": -0.038915891120597595,
        "XXIIIIXX": -0.038915891120597595,
        "YYIIYZZY": -0.009497787037040156,
        "XXIIYZZY": -0.009497787037040156,
        "YYIIXZZX": -0.009497787037040156,
        "XXIIXZZX": -0.009497787037040156,
        "ZIIIIIII": -0.1861008046577957,
        "ZIIIIIIZ": 0.11619347760918806,
        "ZIIIIYZY": 0.019133222224860198,
        "ZIIIIXZX": 0.019133222224860198,
        "IIIIIZZI": 0.06704489084373194,
        "IIIIZIZI": 0.07569554334781889,
        "IIIIYIYI": -0.021568357243649233,
        "IIIIXIXI": -0.021568357243649233,
        "IIIZIIZI": 0.0980195350517411,
        "IIIZYZYI": -0.018981147930153888,
        "IIIZXZXI": -0.018981147930153888,
        "IIYYIYYI": 0.02260573439357702,
        "IIXXIYYI": 0.02260573439357702,
        "IIYYIXXI": 0.02260573439357702,
        "IIXXIXXI": 0.02260573439357702,
        "IYZYIIZI": -0.003453295096418085,
        "IXZXIIZI": -0.003453295096418085,
        "IYZYYZYI": -0.02643183397064352,
        "IXZXYZYI": -0.02643183397064352,
        "IYZYXZXI": -0.02643183397064352,
        "IXZXXZXI": -0.02643183397064352,
        "YZZYIYYI": -0.01671189954347829,
        "XZZXIYYI": -0.01671189954347829,
        "YZZYIXXI": -0.01671189954347829,
        "XZZXIXXI": -0.01671189954347829,
        "IIZIIIZI": 0.10232708542802485,
        "IIZIYZYI": 0.0012041887928039429,
        "IIZIXZXI": 0.0012041887928039429,
        "IYYIIYYI": 0.03461339449902027,
        "IXXIIYYI": 0.03461339449902027,
        "IYYIIXXI": 0.03461339449902027,
        "IXXIIXXI": 0.03461339449902027,
        "YZYIIIZI": 0.0012041887928039433,
        "XZXIIIZI": 0.0012041887928039433,
        "YZYIYZYI": 0.027683029344383873,
        "XZXIYZYI": 0.027683029344383873,
        "YZYIXZXI": 0.027683029344383873,
        "XZXIXZXI": 0.027683029344383873,
        "IZIIIIZI": 0.10165828534275222,
        "IZIIYZYI": 0.0018151279839120514,
        "IZIIXZXI": 0.0018151279839120514,
        "YYIIIYYI": -0.023383485227561278,
        "XXIIIYYI": -0.023383485227561278,
        "YYIIIXXI": -0.023383485227561278,
        "XXIIIXXI": -0.023383485227561278,
        "ZIIIIIZI": 0.10337857269220276,
        "ZIIIYZYI": -0.020591894182052428,
        "ZIIIXZXI": -0.020591894182052428,
        "IIIIZZII": 0.06453847426323497,
        "IIIZIZII": 0.0996233496733266,
        "IIYYYYII": -0.0389158911205976,
        "IIXXYYII": -0.0389158911205976,
        "IIYYXXII": -0.0389158911205976,
        "IIXXXXII": -0.0389158911205976,
        "IYZYIZII": -0.0011712795960174241,
        "IXZXIZII": -0.0011712795960174241,
        "YZZYYYII": -0.009497787037040155,
        "XZZXYYII": -0.009497787037040155,
        "YZZYXXII": -0.009497787037040155,
        "XZZXXXII": -0.009497787037040155,
        "IIZIIZII": 0.1016582853427522,
        "IYYIYYII": -0.02338348522756128,
        "IXXIYYII": -0.02338348522756128,
        "IYYIXXII": -0.02338348522756128,
        "IXXIXXII": -0.02338348522756128,
        "YZYIIZII": 0.0018151279839120518,
        "XZXIIZII": 0.0018151279839120518,
        "IZIIIZII": 0.10532848480118283,
        "YYIIYYII": 0.04160717370432501,
        "XXIIYYII": 0.04160717370432501,
        "YYIIXXII": 0.04160717370432501,
        "XXIIXXII": 0.04160717370432501,
        "ZIIIIZII": 0.10614564796755997,
        "IIIZZIII": 0.11619347760918808,
        "IYZYZIII": 0.019133222224860198,
        "IXZXZIII": 0.019133222224860198,
        "IIZIZIII": 0.10337857269220276,