{
    "atoms": [
        "H",
        "H",
        "H",
        "H"
    ],
    "x": [
        0.0,
        0.0,
        0.0,
        0.0
    ],
    "y": [
        0.0,
        0.0,
        0.0,
        0.0
    ],
    "z": [
        -1.125,
        -0.375,
        0.375,
        1.125
    ],
    "paired_hamiltonian": {
        "IIII": 1.1610463585337902,
        "IIIZ": 0.4631173667169314,
        "IIZI": 0.17633824893825298,
        "IIZZ": 0.41767041700959595,
        "IIXX": 0.07753979440924322,
        "IIYY": 0.07753979440924322,
        "IZII": -0.33738999908905165,
        "IZIZ": 0.4603666761757785,
        "IXIX": 0.05351514360408639,
        "IYIY": 0.05351514360408639,
        "ZIII": -1.2490082184266251,
        "ZIIZ": 0.5578589157008822,
        "XIIX": 0.04656496008478213,
        "YIIY": 0.04656496008478213,
        "IZZI": 0.43762834388517957,
        "IXXI": 0.06947505415268775,
        "IYYI": 0.06947505415268775,
        "ZIZI": 0.48507002496291274,
        "XIXI": 0.050468741950268514,
        "YIYI": 0.050468741950268514,
        "ZZII": 0.484770195352353,
        "XXII": 0.07864798061969502,
        "YYII": 0.07864798061969502
    },
    "jordan_wigner_hamiltonian": {
        "IIIIIIII": 0.5840651472669327,
        "IIIIIIIZ": 0.2315586833584653,
        "IIIIIYZY": 0.002478583767659713,
        "IIIIIXZX": 0.002478583767659713,
        "IIIIIIZI": 0.08816912446912695,
        "IIIIIIZZ": 0.08503265565008816,
        "IIIIYZYI": 0.023617156516609526,
        "IIIIXZXI": 0.023617156516609526,
        "IIIIYZYZ": -0.012223002937485463,
        "IIIIXZXZ": -0.012223002937485463,
        "IIIIIZII": -0.16869499954452583,
        "IIIIIZIZ": 0.10171288314292302,
        "IIIIZIII": -0.6245041092133128,
        "IIIIZIIZ": 0.12782348890402503,
        "IIIIIYIY": 0.025771261432049247,
        "IIIIIXIX": 0.025771261432049247,
        "IIIIYXXY": -0.013667420629446776,
        "IIIIYYYY": -0.026429302593468613,
        "IIIIXXYY": -0.012761881964021834,
        "IIIIYYXX": -0.012761881964021834,
        "IIIIXXXX": -0.026429302593468613,
        "IIIIXYYX": -0.013667420629446776,
        "IIIIZYZY": 0.014094116168985118,
        "IIIIZXZX": 0.014094116168985118,
        "IIIZIIII": 0.23155868335846552,
        "IIIZIIIZ": 0.14146732830546563,
        "IIIZIYZY": 0.023375458226944628,
        "IIIZIXZX": 0.023375458226944628,
        "IIYYIIYY": 0.0387698972046216,
        "IIXXIIYY": 0.0387698972046216,
        "IIYYIIXX": 0.0387698972046216,
        "IIXXIIXX": 0.0387698972046216,
        "IIYYYZZY": 0.01207760722822022,
        "IIXXYZZY": 0.01207760722822022,
        "IIYYXZZX": 0.01207760722822022,
        "IIXXXZZX": 0.01207760722822022,
        "IYZYIIII": 0.0024785837676596853,
        "IYZYIIIZ": 0.023375458226944628,
        "IXZXIIII": 0.0024785837676596853,
        "IXZXIIIZ": 0.023375458226944628,
        "IYZYIYZY": 0.026757571802043193,
        "IXZXIYZY": 0.026757571802043193,
        "IYZYIXZX": 0.026757571802043193,
        "IXZXIXZX": 0.026757571802043193,
        "YZZYIIYY": 0.012077607228220218,
        "XZZXIIYY": 0.012077607228220218,
        "YZZYIIXX": 0.012077607228220218,
        "XZZXIIXX": 0.012077607228220218,
        "YZZYYZZY": 0.023282480042391036,
        "XZZXYZZY": 0.023282480042391036,
        "YZZYXZZX": 0.023282480042391036,
        "XZZXXZZX": 0.023282480042391036,
        "IIZIIIII": 0.08816912446912739,
        "IIZIIIIZ": 0.12380255285470977,
        "IIZIIYZY": -0.0006095279486286011,
        "IIZIIXZX": -0.0006095279486286011,
        "IYYIIIYY": 0.02638078938067784,
        "IXXIIIYY": 0.02638078938067784,
        "IYYIIIXX": 0.02638078938067784,
        "IXXIIIXX": 0.02638078938067784,
        "IYYIYZZY": -0.00958261821291046,
        "IXXIYZZY": -0.00958261821291046,
        "IYYIXZZX": -0.00958261821291046,
        "IXXIXZZX": -0.00958261821291046,
        "YZYIIIII": 0.02361715651660947,
        "YZYIIIIZ": -0.024300610165705682,
        "XZXIIIII": 0.02361715651660947,
        "XZXIIIIZ": -0.024300610165705682,
        "YZYIIYZY": -0.023250038842357233,
        "XZXIIYZY": -0.023250038842357233,
        "YZYIIXZX": -0.023250038842357233,
        "XZXIIXZX": -0.023250038842357233,
        "IZIIIIII": -0.16869499954452516,
        "IZIIIIIZ": 0.12847045494496623,
        "IZIIIYZY": 0.006251041606289797,
        "IZIIIXZX": 0.006251041606289797,
        "YYIIIIYY": -0.036011920806379064,
        "XXIIIIYY": -0.036011920806379064,
        "YYIIIIXX": -0.036011920806379064,
        "XXIIIIXX": -0.036011920806379064,
        "YYIIYZZY": -0.011619344420566032,
        "XXIIYZZY": -0.011619344420566032,
        "YYIIXZZX": -0.011619344420566032,
        "XXIIXZZX": -0.011619344420566032,
        "ZIIIIIII": -0.6245041092133119,
        "ZIIIIIIZ": 0.1511059689464161,
        "ZIIIIYZY": 0.02571346058955116,
        "ZIIIIXZX": 0.02571346058955116,
        "IIIIIZZI": 0.09203832243312299,
        "IIIIZIZI": 0.10865032075316108,
        "IIIIYIYI": -0.030908086923600163,
        "IIIIXIXI": -0.030908086923600156,
        "IIIZIIZI": 0.12380255285470979,
        "IIIZYZYI": -0.024300610165705686,
        "IIIZXZXI": -0.024300610165705686,
        "IIYYIYYI": 0.026380789380677845,
        "IIXXIYYI": 0.026380789380677845,
        "IIYYIXXI": 0.026380789380677845,
        "IIXXIXXI": 0.026380789380677845,
        "IYZYIIZI": -0.0006095279486286011,
        "IXZXIIZI": -0.0006095279486286011,
        "IYZYYZYI": -0.023250038842357237,
        "IXZXYZYI": -0.023250038842357237,
        "IYZYXZXI": -0.023250038842357237,
        "IXZXXZXI": -0.023250038842357237,
        "YZZYIYYI": -0.00958261821291046,
        "XZZXIYYI": -0.00958261821291046,
        "YZZYIXXI": -0.00958261821291046,
        "XZZXIXXI": -0.00958261821291046,
        "IIZIIIZI": 0.12832090161894935,
        "IIZIYZYI": -0.004296433515690656,
        "IIZIXZXI": -0.004296433515690656,
        "IYYIIYYI": 0.03473752707634388,
        "IXXIIYYI": 0.03473752707634388,
        "IYYIIXXI": 0.03473752707634388,
        "IXXIIXXI": 0.03473752707634388,
        "YZYIIIZI": -0.004296433515690656,
        "XZXIIIZI": -0.004296433515690656,
        "YZYIYZYI": 0.025234370975134264,
        "XZXIYZYI": 0.025234370975134264,
        "YZYIXZXI": 0.025234370975134264,
        "XZXIXZXI": 0.025234370975134264,
        "IZIIIIZI": 0.12677584950946685,
        "IZIIYZYI": -0.0050671256456005865,
        "IZIIXZXI": -0.0050671256456005865,
        "YYIIIYYI": -0.025840961277999557,
        "XXIIIYYI": -0.025840961277999557,
        "YYIIIXXI": -0.025840961277999557,
        "XXIIIXXI": -0.025840961277999557,
        "ZIIIIIZI": 0.1338846917282953,
        "ZIIIYZYI": -0.028461981357665388,
        "ZIIIXZXI": -0.028461981357665388,
        "IIIIZZII": 0.10153055368316452,
        "IIIZIZII": 0.12847045494496623,
        "IIYYYYII": -0.03601192080637907,
        "IIXXYYII": -0.03601192080637907,
        "IIYYXXII": -0.03601192080637907,
        "IIXXXXII": -0.03601192080637907,
        "IYZYIZII": 0.006251041606289797,
        "IXZXIZII": 0.006251041606289797,
        "YZZYYYII": -0.01161934442056603,
        "XZZXYYII": -0.01161934442056603,
        "YZZYXXII": -0.01161934442056603,
        "XZZXXXII": -0.01161934442056603,
        "IIZIIZII": 0.12677584950946685,
        "IYYIYYII": -0.025840961277999557,
        "IXXIYYII": -0.025840961277999557,
        "IYYIXXII": -0.025840961277999557,
        "IXXIXXII": -0.025840961277999557,
        "YZYIIZII": -0.0050671256456005865,
        "XZXIIZII": -0.0050671256456005865,
        "IZIIIZII": 0.13368708442199917,
        "YYIIYYII": 0.039323990309847526,
        "XXIIYYII": 0.039323990309847526,
        "YYIIXXII": 0.039323990309847526,
        "XXIIXXII": 0.039323990309847526,
        "ZIIIIZII": 0.14085454399301203,
        "IIIZZIII": 0.1511059689464161,
        "IYZYZIII": 0.025713460589551162,
        "IXZXZIII": 0.025713460589551162,
        "IIZIZIII": 0.1338846917282953,