{
    "atoms": [
        "H",
        "H",
        "H",
        "H"
    ],
    "x": [
        0.0,
        0.0,
        0.0,
        0.0
    ],
    "y": [
        0.0,
        0.0,
        0.0,
        0.0
    ],
    "z": [
        -1.125,
        -0.375,
        0.375,
        1.125
    ],
    "paired_hamiltonian": {
        "IIII": 1.1610463585337918,
        "IIIZ": 0.4631173667169298,
        "IIZI": 0.1763382489382524,
        "IIZZ": 0.41767041700959595,
        "IIXX": 0.07753979440924325,
        "IIYY": 0.07753979440924325,
        "IZII": -0.3373899990890523,
        "IZIZ": 0.4603666761757791,
        "IXIX": 0.053515143604086476,
        "IYIY": 0.053515143604086476,
        "ZIII": -1.2490082184266258,
        "ZIIZ": 0.5578589157008824,
        "XIIX": 0.04656496008478214,
        "YIIY": 0.04656496008478214,
        "IZZI": 0.4376283438851799,
        "IXXI": 0.06947505415268787,
        "IYYI": 0.06947505415268787,
        "ZIZI": 0.4850700249629127,
        "XIXI": 0.05046874195026842,
        "YIYI": 0.05046874195026842,
        "ZZII": 0.48477019535235366,
        "XXII": 0.07864798061969513,
        "YYII": 0.07864798061969513
    },
    "jordan_wigner_hamiltonian": {
        "IIIIIIII": 0.5840651472669349,
        "IIIIIIIZ": 0.2315586833584652,
        "IIIIIYZY": 0.002478583767659741,
        "IIIIIXZX": 0.002478583767659741,
        "IIIIIIZI": 0.08816912446912639,
        "IIIIIIZZ": 0.08503265565008815,
        "IIIIYZYI": 0.02361715651660918,
        "IIIIXZXI": 0.02361715651660918,
        "IIIIYZYZ": -0.01222300293748543,
        "IIIIXZXZ": -0.01222300293748543,
        "IIIIIZII": -0.16869499954452594,
        "IIIIIZIZ": 0.10171288314292319,
        "IIIIZIII": -0.6245041092133126,
        "IIIIZIIZ": 0.1278234889040251,
        "IIIIIYIY": 0.025771261432049244,
        "IIIIIXIX": 0.025771261432049244,
        "IIIIYXXY": -0.013667420629446786,
        "IIIIYYYY": -0.02642930259346863,
        "IIIIXXYY": -0.012761881964021837,
        "IIIIYYXX": -0.012761881964021837,
        "IIIIXXXX": -0.02642930259346863,
        "IIIIXYYX": -0.013667420629446786,
        "IIIIZYZY": 0.014094116168985142,
        "IIIIZXZX": 0.014094116168985142,
        "IIIZIIII": 0.2315586833584654,
        "IIIZIIIZ": 0.14146732830546568,
        "IIIZIYZY": 0.0233754582269446,
        "IIIZIXZX": 0.0233754582269446,
        "IIYYIIYY": 0.038769897204621616,
        "IIXXIIYY": 0.038769897204621616,
        "IIYYIIXX": 0.038769897204621616,
        "IIXXIIXX": 0.038769897204621616,
        "IIYYYZZY": 0.012077607228220212,
        "IIXXYZZY": 0.012077607228220212,
        "IIYYXZZX": 0.012077607228220212,
        "IIXXXZZX": 0.012077607228220212,
        "IYZYIIII": 0.002478583767659741,
        "IYZYIIIZ": 0.023375458226944597,
        "IXZXIIII": 0.002478583767659741,
        "IXZXIIIZ": 0.023375458226944597,
        "IYZYIYZY": 0.026757571802043235,
        "IXZXIYZY": 0.026757571802043235,
        "IYZYIXZX": 0.026757571802043235,
        "IXZXIXZX": 0.026757571802043235,
        "YZZYIIYY": 0.012077607228220212,
        "XZZXIIYY": 0.012077607228220212,
        "YZZYIIXX": 0.012077607228220212,
        "XZZXIIXX": 0.012077607228220212,
        "YZZYYZZY": 0.02328248004239107,
        "XZZXYZZY": 0.02328248004239107,
        "YZZYXZZX": 0.02328248004239107,
        "XZZXXZZX": 0.02328248004239107,
        "IIZIIIII": 0.08816912446912661,
        "IIZIIIIZ": 0.12380255285470979,
        "IIZIIYZY": -0.0006095279486286507,
        "IIZIIXZX": -0.0006095279486286507,
        "IYYIIIYY": 0.02638078938067789,
        "IXXIIIYY": 0.02638078938067789,
        "IYYIIIXX": 0.02638078938067789,
        "IXXIIIXX": 0.02638078938067789,
        "IYYIYZZY": -0.009582618212910463,
        "IXXIYZZY": -0.009582618212910463,
        "IYYIXZZX": -0.009582618212910463,
        "IXXIXZZX": -0.009582618212910463,
        "YZYIIIII": 0.02361715651660918,
        "YZYIIIIZ": -0.02430061016570564,
        "XZXIIIII": 0.02361715651660918,
        "XZXIIIIZ": -0.02430061016570564,
        "YZYIIYZY": -0.02325003884235725,
        "XZXIIYZY": -0.02325003884235725,
        "YZYIIXZX": -0.02325003884235725,
        "XZXIIXZX": -0.02325003884235725,
        "IZIIIIII": -0.16869499954452538,
        "IZIIIIIZ": 0.1284704549449664,
        "IZIIIYZY": 0.006251041606289776,
        "IZIIIXZX": 0.006251041606289776,
        "YYIIIIYY": -0.03601192080637909,
        "XXIIIIYY": -0.03601192080637909,
        "YYIIIIXX": -0.03601192080637909,
        "XXIIIIXX": -0.03601192080637909,
        "YYIIYZZY": -0.011619344420566035,
        "XXIIYZZY": -0.011619344420566035,
        "YYIIXZZX": -0.011619344420566035,
        "XXIIXZZX": -0.011619344420566035,
        "ZIIIIIII": -0.6245041092133121,
        "ZIIIIIIZ": 0.15110596894641615,
        "ZIIIIYZY": 0.025713460589551172,
        "ZIIIIXZX": 0.025713460589551172,
        "IIIIIZZI": 0.09203832243312302,
        "IIIIZIZI": 0.10865032075316108,
        "IIIIYIYI": -0.030908086923600184,
        "IIIIXIXI": -0.030908086923600187,
        "IIIZIIZI": 0.12380255285470977,
        "IIIZYZYI": -0.024300610165705637,
        "IIIZXZXI": -0.024300610165705637,
        "IIYYIYYI": 0.02638078938067789,
        "IIXXIYYI": 0.02638078938067789,
        "IIYYIXXI": 0.02638078938067789,
        "IIXXIXXI": 0.02638078938067789,
        "IYZYIIZI": -0.0006095279486286507,
        "IXZXIIZI": -0.0006095279486286507,
        "IYZYYZYI": -0.02325003884235725,
        "IXZXYZYI": -0.02325003884235725,
        "IYZYXZXI": -0.02325003884235725,
        "IXZXXZXI": -0.02325003884235725,
        "YZZYIYYI": -0.009582618212910463,
        "XZZXIYYI": -0.009582618212910463,
        "YZZYIXXI": -0.009582618212910463,
        "XZZXIXXI": -0.009582618212910463,
        "IIZIIIZI": 0.1283209016189493,
        "IIZIYZYI": -0.004296433515690624,
        "IIZIXZXI": -0.004296433515690624,
        "IYYIIYYI": 0.034737527076343935,
        "IXXIIYYI": 0.034737527076343935,
        "IYYIIXXI": 0.034737527076343935,
        "IXXIIXXI": 0.034737527076343935,
        "YZYIIIZI": -0.0042964335156906236,
        "XZXIIIZI": -0.0042964335156906236,
        "YZYIYZYI": 0.025234370975134222,
        "XZXIYZYI": 0.025234370975134222,
        "YZYIXZXI": 0.025234370975134222,
        "XZXIXZXI": 0.025234370975134222,
        "IZIIIIZI": 0.12677584950946696,
        "IZIIYZYI": -0.005067125645600582,
        "IZIIXZXI": -0.005067125645600582,
        "YYIIIYYI": -0.025840961277999598,
        "XXIIIYYI": -0.025840961277999598,
        "YYIIIXXI": -0.025840961277999598,
        "XXIIIXXI": -0.025840961277999598,
        "ZIIIIIZI": 0.13388469172829529,
        "ZIIIYZYI": -0.028461981357665388,
        "ZIIIXZXI": -0.028461981357665388,
        "IIIIZZII": 0.10153055368316465,
        "IIIZIZII": 0.1284704549449664,
        "IIYYYYII": -0.03601192080637909,
        "IIXXYYII": -0.03601192080637909,
        "IIYYXXII": -0.03601192080637909,
        "IIXXXXII": -0.03601192080637909,
        "IYZYIZII": 0.006251041606289775,
        "IXZXIZII": 0.006251041606289775,
        "YZZYYYII": -0.011619344420566035,
        "XZZXYYII": -0.011619344420566035,
        "YZZYXXII": -0.011619344420566035,
        "XZZXXXII": -0.011619344420566035,
        "IIZIIZII": 0.12677584950946696,
        "IYYIYYII": -0.025840961277999598,
        "IXXIYYII": -0.025840961277999598,
        "IYYIXXII": -0.025840961277999598,
        "IXXIXXII": -0.025840961277999598,
        "YZYIIZII": -0.005067125645600582,
        "XZXIIZII": -0.005067125645600582,
        "IZIIIZII": 0.13368708442199947,
        "YYIIYYII": 0.039323990309847574,
        "XXIIYYII": 0.039323990309847574,
        "YYIIXXII": 0.039323990309847574,
        "XXIIXXII": 0.039323990309847574,
        "ZIIIIZII": 0.1408545439930122,
        "IIIZZIII": 0.15110596894641612,
        "IYZYZIII": 0.025713460589551172,
        "IXZXZIII": 0.025713460589551172,
        "IIZIZIII": 0.13388469172829526,