{
    "atoms": [
        "H",
        "H",
        "H",
        "H"
    ],
    "x": [
        0.0,
        0.0,
        0.0,
        0.0
    ],
    "y": [
        0.0,
        0.0,
        0.0,
        0.0
    ],
    "z": [
        -1.5,
        -0.5,
        0.5,
        1.5
    ],
    "paired_hamiltonian": {
        "IIII": 0.16836285454399624,
        "IIIZ": 0.3627297025798165,
        "IIZI": 0.17585289306217122,
        "IIZZ": 0.35724106094609026,
        "IIXX": 0.078691027120815,
        "IIYY": 0.078691027120815,
        "IZII": -0.15808818452248394,
        "IZIZ": 0.392078029162169,
        "IXIX": 0.053916060542037875,
        "IYIY": 0.053916060542037875,
        "ZIII": -0.6692242600656241,
        "ZIIZ": 0.47441748664147443,
        "XIIX": 0.04853474849966177,
        "YIIY": 0.04853474849966177,
        "IZZI": 0.37912284776036453,
        "IXXI": 0.06864135536107101,
        "IYYI": 0.06864135536107101,
        "ZIZI": 0.41162263295286383,
        "XIXI": 0.05232266351558604,
        "YIYI": 0.05232266351558604,
        "ZZII": 0.3989861842591622,
        "XXII": 0.08123223896768544,
        "YYII": 0.08123223896768544
    },
    "jordan_wigner_hamiltonian": {
        "IIIIIIII": -0.3314778134168139,
        "IIIIIIIZ": 0.18136485128990765,
        "IIIIIYZY": 0.0055621319975110925,
        "IIIIIXZX": 0.0055621319975110925,
        "IIIIIIZI": 0.08792644653108517,
        "IIIIIIZZ": 0.06963750845631882,
        "IIIIYZYI": -0.017266560724924898,
        "IIIIXZXI": -0.017266560724924898,
        "IIIIYZYZ": 0.010290902970907609,
        "IIIIXZXZ": 0.010290902970907609,
        "IIIIIZII": -0.07904409226124187,
        "IIIIIZIZ": 0.08454049215503277,
        "IIIIZIII": -0.3346121300328124,
        "IIIIZIIZ": 0.10647068453545312,
        "IIIIIYIY": 0.022048950231499113,
        "IIIIIXIX": 0.022048950231499113,
        "IIIIYXXY": 0.011388105812468949,
        "IIIIYYYY": 0.024418228025864675,
        "IIIIXXYY": 0.01303012221339573,
        "IIIIYYXX": 0.01303012221339573,
        "IIIIXXXX": 0.024418228025864675,
        "IIIIXYYX": 0.011388105812468949,
        "IIIIZYZY": 0.01123447340025289,
        "IIIIZXZX": 0.011234473400252892,
        "IIIZIIII": 0.18136485128990798,
        "IIIZIIIZ": 0.1243212084936269,
        "IIIZIYZY": 0.02039129829189846,
        "IIIZIXZX": 0.02039129829189846,
        "IIYYIIYY": 0.0393455135604075,
        "IIXXIIYY": 0.0393455135604075,
        "IIYYIIXX": 0.0393455135604075,
        "IIXXIIXX": 0.0393455135604075,
        "IIYYYZZY": -0.010770994389681782,
        "IIXXYZZY": -0.010770994389681782,
        "IIYYXZZX": -0.010770994389681782,
        "IIXXXZZX": -0.010770994389681782,
        "IYZYIIII": 0.005562131997511134,
        "IYZYIIIZ": 0.020391298291898455,
        "IXZXIIII": 0.00556213199751112,
        "IXZXIIIZ": 0.020391298291898455,
        "IYZYIYZY": 0.026958030271018934,
        "IXZXIYZY": 0.026958030271018934,
        "IYZYIXZX": 0.026958030271018934,
        "IXZXIXZX": 0.026958030271018934,
        "YZZYIIYY": -0.010770994389681782,
        "XZZXIIYY": -0.010770994389681782,
        "YZZYIIXX": -0.010770994389681782,
        "XZZXIIXX": -0.010770994389681782,
        "YZZYYZZY": 0.02426737424983088,
        "XZZXYZZY": 0.02426737424983088,
        "YZZYXZZX": 0.02426737424983088,
        "XZZXXZZX": 0.02426737424983088,
        "IIZIIIII": 0.08792644653108561,
        "IIZIIIIZ": 0.1089830220167263,
        "IIZIIYZY": -0.0024512883013734768,
        "IIZIIXZX": -0.0024512883013734768,
        "IYYIIIYY": 0.02450023853287259,
        "IXXIIIYY": 0.02450023853287259,
        "IYYIIIXX": 0.02450023853287259,
        "IXXIIIXX": 0.02450023853287259,
        "IYYIYZZY": 0.013240139917215055,
        "IXXIYZZY": 0.013240139917215055,
        "IYYIXZZX": 0.013240139917215055,
        "IXXIXZZX": 0.013240139917215055,
        "YZYIIIII": -0.017266560724924912,
        "YZYIIIIZ": 0.02106189736058939,
        "XZXIIIII": -0.017266560724924912,
        "XZXIIIIZ": 0.02106189736058939,
        "YZYIIYZY": 0.024628245729684008,
        "XZXIIYZY": 0.024628245729684008,
        "YZYIIXZX": 0.024628245729684008,
        "XZXIIXZX": 0.024628245729684008,
        "IZIIIIII": -0.07904409226124265,
        "IZIIIIIZ": 0.11149852242605172,
        "IZIIIYZY": 0.0017156570386366568,
        "IZIIIXZX": 0.0017156570386366568,
        "YYIIIIYY": 0.03765836794307974,
        "XXIIIIYY": 0.03765836794307974,
        "YYIIIIXX": 0.03765836794307974,
        "XXIIIIXX": 0.03765836794307974,
        "YYIIYZZY": -0.01024235236258148,
        "XXIIYZZY": -0.01024235236258148,
        "YYIIXZZX": -0.01024235236258148,
        "XXIIXZZX": -0.01024235236258148,
        "ZIIIIIII": -0.33461213003281265,
        "ZIIIIIIZ": 0.13073805878528405,
        "ZIIIIYZY": 0.02147682576283437,
        "ZIIIIXZX": 0.02147682576283437,
        "IIIIIZZI": 0.07762037309982338,
        "IIIIZIZI": 0.08982499235931943,
        "IIIIYIYI": 0.025545241514434616,
        "IIIIXIXI": 0.02554524151443462,
        "IIIZIIZI": 0.1089830220167263,
        "IIIZYZYI": 0.021061897360589395,
        "IIIZXZXI": 0.021061897360589395,
        "IIYYIYYI": 0.02450023853287259,
        "IIXXIYYI": 0.02450023853287259,
        "IIYYIXXI": 0.02450023853287259,
        "IIXXIXXI": 0.02450023853287259,
        "IYZYIIZI": -0.0024512883013734768,
        "IXZXIIZI": -0.0024512883013734768,
        "IYZYYZYI": 0.024628245729684008,
        "IXZXYZYI": 0.024628245729684008,
        "IYZYXZXI": 0.024628245729684008,
        "IXZXXZXI": 0.024628245729684008,
        "YZZYIYYI": 0.013240139917215055,
        "XZZXIYYI": 0.013240139917215055,
        "YZZYIXXI": 0.013240139917215055,
        "XZZXIXXI": 0.013240139917215055,
        "IIZIIIZI": 0.11340654161438066,
        "IIZIYZYI": 0.0010141239253515966,
        "IIZIXZXI": 0.0010141239253515966,
        "IYYIIYYI": 0.034320677680535504,
        "IXXIIYYI": 0.034320677680535504,
        "IYYIIXXI": 0.034320677680535504,
        "IXXIIXXI": 0.034320677680535504,
        "YZYIIIZI": 0.0010141239253515966,
        "XZXIIIZI": 0.0010141239253515966,
        "YZYIYZYI": 0.02616133175779302,
        "XZXIYZYI": 0.02616133175779302,
        "YZYIXZXI": 0.02616133175779302,
        "XZXIXZXI": 0.02616133175779302,
        "IZIIIIZI": 0.11194105078035888,
        "IZIIYZYI": 0.0007036277600324469,
        "IZIIXZXI": 0.0007036277600324469,
        "YYIIIYYI": 0.024841613754402175,
        "XXIIIYYI": 0.024841613754402175,
        "YYIIIXXI": 0.024841613754402175,
        "XXIIIXXI": 0.024841613754402175,
        "ZIIIIIZI": 0.11598632411711243,
        "ZIIIYZYI": 0.023384504139548193,
        "ZIIIXZXI": 0.023384504139548193,
        "IIIIZZII": 0.07943848632286919,
        "IIIZIZII": 0.11149852242605171,
        "IIYYYYII": 0.03765836794307973,
        "IIXXYYII": 0.03765836794307973,
        "IIYYXXII": 0.03765836794307973,
        "IIXXXXII": 0.03765836794307973,
        "IYZYIZII": 0.001715657038636657,
        "IXZXIZII": 0.001715657038636657,
        "YZZYYYII": -0.01024235236258148,
        "XZZXYYII": -0.01024235236258148,
        "YZZYXXII": -0.01024235236258148,
        "XZZXXXII": -0.01024235236258148,
        "IIZIIZII": 0.11194105078035888,
        "IYYIYYII": 0.024841613754402178,
        "IXXIYYII": 0.024841613754402178,
        "IYYIXXII": 0.024841613754402178,
        "IXXIXXII": 0.024841613754402178,
        "YZYIIZII": 0.000703627760032447,
        "XZXIIZII": 0.000703627760032447,
        "IZIIIZII": 0.1168514385447206,
        "YYIIYYII": 0.04061611948384271,
        "XXIIYYII": 0.04061611948384271,
        "YYIIXXII": 0.04061611948384271,
        "XXIIXXII": 0.04061611948384271,
        "ZIIIIZII": 0.1200546058067119,
        "IIIZZIII": 0.13073805878528405,
        "IYZYZIII": 0.02147682576283437,
        "IXZXZIII": 0.02147682576283437,
        "IIZIZIII": 0.11598632411711243,
        "YZYIZIII": 0.023384504139548193,
        "XZXIZIII": 0.023384504139548193,