{
    "atoms": [
        "H",
        "H",
        "H",
        "H"
    ],
    "x": [
        0.0,
        0.0,
        0.0,
        0.0
    ],
    "y": [
        0.0,
        0.0,
        0.0,
        0.0
    ],
    "z": [
        -1.875,
        -0.625,
        0.625,
        1.875
    ],
    "paired_hamiltonian": {
        "IIII": -0.2858189591591289,
        "IIIZ": 0.29247734204723447,
        "IIZI": 0.16053543123174402,
        "IIZZ": 0.3131305764203145,
        "IIXX": 0.07894756378665002,
        "IIYY": 0.07894756378665002,
        "IZII": -0.06708808986859613,
        "IZIZ": 0.3432414515865501,
        "IXIX": 0.055251947106756655,
        "IYIY": 0.055251947106756655,
        "ZIII": -0.3722016093155912,
        "ZIIZ": 0.4132820259988715,
        "XIIX": 0.05149188443788095,
        "YIIY": 0.05149188443788095,
        "IZZI": 0.33740635237296845,
        "IXXI": 0.0692267889980406,
        "IYYI": 0.0692267889980406,
        "ZIZI": 0.3581482320800432,
        "XIXI": 0.05536605868876773,
        "YIYI": 0.05536605868876773,
        "ZZII": 0.34136824446159,
        "XXII": 0.08321434740865008,
        "YYII": 0.08321434740865008
    },
    "jordan_wigner_hamiltonian": {
        "IIIIIIII": -0.7312613943455395,
        "IIIIIIIZ": 0.1462386710236171,
        "IIIIIYZY": 0.006465200479116556,
        "IIIIIXZX": 0.006465200479116549,
        "IIIIIIZI": 0.08026771561587209,
        "IIIIIIZZ": 0.05854575315841614,
        "IIIIYZYI": 0.013401096490779793,
        "IIIIXZXI": 0.013401096490779793,
        "IIIIYZYZ": -0.009167496908759374,
        "IIIIXZXZ": -0.009167496908759374,
        "IIIIIZII": -0.0335440449342983,
        "IIIIIZIZ": 0.07199737611994836,
        "IIIIZIII": -0.18610080465779563,
        "IIIIZIIZ": 0.09044753539024764,
        "IIIIIYIY": 0.019152439297158975,
        "IIIIIXIX": 0.019152439297158975,
        "IIIIYXXY": -0.00971993442716524,
        "IIIIYYYY": -0.02220399157711932,
        "IIIIXXYY": -0.012484057149954087,
        "IIIIYYXX": -0.012484057149954087,
        "IIIIXXXX": -0.02220399157711932,
        "IIIIXYYX": -0.00971993442716524,
        "IIIIZYZY": 0.009635435187820056,
        "IIIIZXZX": 0.009635435187820056,
        "IIIZIIII": 0.14623867102361732,
        "IIIZIIIZ": 0.11126515230208031,
        "IIIZIYZY": 0.018362683184973336,
        "IIIZIXZX": 0.018362683184973336,
        "IIYYIIYY": 0.03947378189332501,
        "IIXXIIYY": 0.03947378189332501,
        "IIYYIIXX": 0.03947378189332501,
        "IIXXIIXX": 0.03947378189332501,
        "IIYYYZZY": 0.009813651021394545,
        "IIXXYZZY": 0.009813651021394545,
        "IIYYXZZX": 0.009813651021394545,
        "IIXXXZZX": 0.009813651021394545,
        "IYZYIIII": 0.006465200479116542,
        "IYZYIIIZ": 0.018362683184973336,
        "IXZXIIII": 0.006465200479116542,
        "IXZXIIIZ": 0.018362683184973336,
        "IYZYIYZY": 0.027625973553378327,
        "IXZXIYZY": 0.027625973553378327,
        "IYZYIXZX": 0.027625973553378327,
        "IXZXIXZX": 0.027625973553378327,
        "YZZYIIYY": 0.009813651021394547,
        "XZZXIIYY": 0.009813651021394547,
        "YZZYIIXX": 0.009813651021394547,
        "XZZXIIXX": 0.009813651021394547,
        "YZZYYZZY": 0.025745942218940478,
        "XZZXYZZY": 0.025745942218940478,
        "YZZYXZZX": 0.025745942218940478,
        "XZZXXZZX": 0.025745942218940478,
        "IIZIIIII": 0.08026771561587209,
        "IIZIIIIZ": 0.09801953505174113,
        "IIZIIYZY": -0.003453295096418054,
        "IIZIIXZX": -0.003453295096418054,
        "IYYIIIYY": 0.022605734393577024,
        "IXXIIIYY": 0.022605734393577024,
        "IYYIIIXX": 0.022605734393577024,
        "IXXIIIXX": 0.022605734393577024,
        "IYYIYZZY": -0.01671189954347828,
        "IXXIYZZY": -0.01671189954347828,
        "IYYIXZZX": -0.01671189954347828,
        "IXXIXZZX": -0.01671189954347828,
        "YZYIIIII": 0.01340109649077978,
        "YZYIIIIZ": -0.01898114793015392,
        "XZXIIIII": 0.01340109649077978,
        "XZXIIIIZ": -0.01898114793015392,
        "YZYIIYZY": -0.02643183397064352,
        "XZXIIYZY": -0.02643183397064352,
        "YZYIIXZX": -0.02643183397064352,
        "XZXIIXZX": -0.02643183397064352,
        "IZIIIIII": -0.03354404493429897,
        "IZIIIIIZ": 0.0996233496733267,
        "IZIIIYZY": -0.0011712795960174029,
        "IZIIIXZX": -0.0011712795960174029,
        "YYIIIIYY": -0.0389158911205976,
        "XXIIIIYY": -0.0389158911205976,
        "YYIIIIXX": -0.0389158911205976,
        "XXIIIIXX": -0.0389158911205976,
        "YYIIYZZY": -0.009497787037040177,
        "XXIIYZZY": -0.009497787037040177,
        "YYIIXZZX": -0.009497787037040177,
        "XXIIXZZX": -0.009497787037040177,
        "ZIIIIIII": -0.18610080465779585,
        "ZIIIIIIZ": 0.1161934776091881,
        "ZIIIIYZY": 0.019133222224860236,
        "ZIIIIXZX": 0.019133222224860236,
        "IIIIIZZI": 0.06704489084373194,
        "IIIIZIZI": 0.07569554334781889,
        "IIIIYIYI": -0.021568357243649222,
        "IIIIXIXI": -0.021568357243649222,
        "IIIZIIZI": 0.09801953505174113,
        "IIIZYZYI": -0.018981147930153923,
        "IIIZXZXI": -0.018981147930153923,
        "IIYYIYYI": 0.02260573439357702,
        "IIXXIYYI": 0.02260573439357702,
        "IIYYIXXI": 0.02260573439357702,
        "IIXXIXXI": 0.02260573439357702,
        "IYZYIIZI": -0.0034532950964180536,
        "IXZXIIZI": -0.0034532950964180536,
        "IYZYYZYI": -0.02643183397064352,
        "IXZXYZYI": -0.02643183397064352,
        "IYZYXZXI": -0.02643183397064352,
        "IXZXXZXI": -0.02643183397064352,
        "YZZYIYYI": -0.01671189954347828,
        "XZZXIYYI": -0.01671189954347828,
        "YZZYIXXI": -0.01671189954347828,
        "XZZXIXXI": -0.01671189954347828,
        "IIZIIIZI": 0.1023270854280249,
        "IIZIYZYI": 0.0012041887928039563,
        "IIZIXZXI": 0.0012041887928039563,
        "IYYIIYYI": 0.03461339449902031,
        "IXXIIYYI": 0.03461339449902031,
        "IYYIIXXI": 0.03461339449902031,
        "IXXIIXXI": 0.03461339449902031,
        "YZYIIIZI": 0.001204188792803956,
        "XZXIIIZI": 0.001204188792803956,
        "YZYIYZYI": 0.027683029344383867,
        "XZXIYZYI": 0.027683029344383867,
        "YZYIXZXI": 0.027683029344383867,
        "XZXIXZXI": 0.027683029344383867,
        "IZIIIIZI": 0.10165828534275226,
        "IZIIYZYI": 0.0018151279839120858,
        "IZIIXZXI": 0.0018151279839120858,
        "YYIIIYYI": -0.023383485227561313,
        "XXIIIYYI": -0.023383485227561313,
        "YYIIIXXI": -0.023383485227561313,
        "XXIIIXXI": -0.023383485227561313,
        "ZIIIIIZI": 0.10337857269220274,
        "ZIIIYZYI": -0.020591894182052404,
        "ZIIIXZXI": -0.020591894182052404,
        "IIIIZZII": 0.064538474263235,
        "IIIZIZII": 0.09962334967332669,
        "IIYYYYII": -0.0389158911205976,
        "IIXXYYII": -0.0389158911205976,
        "IIYYXXII": -0.0389158911205976,
        "IIXXXXII": -0.0389158911205976,
        "IYZYIZII": -0.0011712795960174029,
        "IXZXIZII": -0.0011712795960174029,
        "YZZYYYII": -0.00949778703704018,
        "XZZXYYII": -0.00949778703704018,
        "YZZYXXII": -0.00949778703704018,
        "XZZXXXII": -0.00949778703704018,
        "IIZIIZII": 0.10165828534275229,
        "IYYIYYII": -0.023383485227561313,
        "IXXIYYII": -0.023383485227561313,
        "IYYIXXII": -0.023383485227561313,
        "IXXIXXII": -0.023383485227561313,
        "YZYIIZII": 0.0018151279839120858,
        "XZXIIZII": 0.0018151279839120858,
        "IZIIIZII": 0.10532848480118295,
        "YYIIYYII": 0.04160717370432504,
        "XXIIYYII": 0.04160717370432504,
        "YYIIXXII": 0.04160717370432504,
        "XXIIXXII": 0.04160717370432504,
        "ZIIIIZII": 0.10614564796756,
        "IIIZZIII": 0.11619347760918809,
        "IYZYZIII": 0.01913322222486024,
        "IXZXZIII": 0.01913322222486024,
        "IIZIZIII": 0.10337857269220274,
        "YZYIZIII": -0.0205918941820524,