{
    "geometry": {
        "atoms": [
            "H",
            "H",
            "H",
            "H"
        ],
        "x": [
            0.0,
            0.0,
            0.0,
            0.0
        ],
        "y": [
            0.0,
            0.0,
            0.0,
            0.0
        ],
        "z": [
            -1.125,
            -0.375,
            0.375,
            1.125
        ]
    },
    "paired_hamiltonian": {
        "IIII": 1.161046358533793,
        "IIIZ": 0.46311736671693016,
        "IIZI": 0.1763382489382528,
        "IIZZ": 0.4176704170095955,
        "IIXX": 0.0775397944092431,
        "IIYY": 0.0775397944092431,
        "IZII": -0.33738999908905204,
        "IZIZ": 0.46036667617577864,
        "IXIX": 0.053515143604086365,
        "IYIY": 0.053515143604086365,
        "ZIII": -1.2490082184266265,
        "ZIIZ": 0.5578589157008824,
        "XIIX": 0.04656496008478214,
        "YIIY": 0.04656496008478214,
        "IZZI": 0.4376283438851794,
        "IXXI": 0.06947505415268795,
        "IYYI": 0.06947505415268795,
        "ZIZI": 0.48507002496291285,
        "XIXI": 0.050468741950268375,
        "YIYI": 0.050468741950268375,
        "ZZII": 0.48477019535235377,
        "XXII": 0.07864798061969508,
        "YYII": 0.07864798061969508
    },
    "jordan_wigner_hamiltonian": {
        "IIIIIIII": 0.5840651472669558,
        "IIIIIIIZ": 0.23155868335846586,
        "IIIIIYZY": 0.002478583767659571,
        "IIIIIXZX": 0.0024785837676595743,
        "IIIIIIZI": 0.08816912446912661,
        "IIIIYZYI": 0.02361715651660875,
        "IIIIXZXI": 0.02361715651660875,
        "IIIIIZII": -0.16869499954452583,
        "IIIIZIII": -0.6245041092133132,
        "IIIZIIII": 0.23155868335846508,
        "IYZYIIII": 0.002478583767659594,
        "IXZXIIII": 0.0024785837676595803,
        "IIZIIIII": 0.08816912446912623,
        "YZYIIIII": 0.023617156516608742,
        "XZXIIIII": 0.023617156516608742,
        "IZIIIIII": -0.16869499954452571,
        "ZIIIIIII": -0.6245041092133129,
        "IIIIIIZZ": 0.08503265565008811,
        "IIIIYZYZ": -0.012223002937485385,
        "IIIIXZXZ": -0.012223002937485385,
        "IIIIIZIZ": 0.10171288314292304,
        "IIIIZIIZ": 0.12782348890402512,
        "IIIIIYIY": 0.025771261432049202,
        "IIIIIXIX": 0.025771261432049206,
        "IIIIYXXY": -0.013667420629446782,
        "IIIIYYYY": -0.026429302593468613,
        "IIIIXXYY": -0.012761881964021823,
        "IIIIYYXX": -0.012761881964021823,
        "IIIIXXXX": -0.026429302593468613,
        "IIIIXYYX": -0.013667420629446782,
        "IIIIZYZY": 0.014094116168985128,
        "IIIIZXZX": 0.014094116168985128,
        "IIIZIIIZ": 0.14146732830546552,
        "IIIZIYZY": 0.02337545822694456,
        "IIIZIXZX": 0.02337545822694456,
        "IIYYIIYY": 0.038769897204621546,
        "IIXXIIYY": 0.038769897204621546,
        "IIYYIIXX": 0.038769897204621546,
        "IIXXIIXX": 0.038769897204621546,
        "IIYYYZZY": 0.012077607228220225,
        "IIXXYZZY": 0.012077607228220225,
        "IIYYXZZX": 0.012077607228220225,
        "IIXXXZZX": 0.012077607228220225,
        "IYZYIIIZ": 0.02337545822694456,
        "IXZXIIIZ": 0.02337545822694456,
        "IYZYIYZY": 0.026757571802043183,
        "IXZXIYZY": 0.026757571802043183,
        "IYZYIXZX": 0.026757571802043183,
        "IXZXIXZX": 0.026757571802043183,
        "YZZYIIYY": 0.012077607228220221,
        "XZZXIIYY": 0.012077607228220221,
        "YZZYIIXX": 0.012077607228220221,
        "XZZXIIXX": 0.012077607228220221,
        "YZZYYZZY": 0.023282480042391068,
        "XZZXYZZY": 0.023282480042391068,
        "YZZYXZZX": 0.023282480042391068,
        "XZZXXZZX": 0.023282480042391068,
        "IIZIIIIZ": 0.12380255285470965,
        "IIZIIYZY": -0.0006095279486287228,
        "IIZIIXZX": -0.0006095279486287228,
        "IYYIIIYY": 0.02638078938067792,
        "IXXIIIYY": 0.02638078938067792,
        "IYYIIIXX": 0.02638078938067792,
        "IXXIIIXX": 0.02638078938067792,
        "IYYIYZZY": -0.009582618212910406,
        "IXXIYZZY": -0.009582618212910406,
        "IYYIXZZX": -0.009582618212910406,
        "IXXIXZZX": -0.009582618212910406,
        "YZYIIIIZ": -0.024300610165705602,
        "XZXIIIIZ": -0.024300610165705602,
        "YZYIIYZY": -0.023250038842357185,
        "XZXIIYZY": -0.023250038842357185,
        "YZYIIXZX": -0.023250038842357185,
        "XZXIIXZX": -0.023250038842357185,
        "IZIIIIIZ": 0.12847045494496623,
        "IZIIIYZY": 0.006251041606289738,
        "IZIIIXZX": 0.006251041606289738,
        "YYIIIIYY": -0.03601192080637902,
        "XXIIIIYY": -0.03601192080637902,
        "YYIIIIXX": -0.03601192080637902,
        "XXIIIIXX": -0.03601192080637902,
        "YYIIYZZY": -0.01161934442056605,
        "XXIIYZZY": -0.01161934442056605,
        "YYIIXZZX": -0.01161934442056605,
        "XXIIXZZX": -0.01161934442056605,
        "ZIIIIIIZ": 0.15110596894641615,
        "ZIIIIYZY": 0.025713460589551165,
        "ZIIIIXZX": 0.025713460589551165,
        "IIIIIZZI": 0.09203832243312288,
        "IIIIZIZI": 0.10865032075316108,
        "IIIIYIYI": -0.030908086923600135,
        "IIIIXIXI": -0.030908086923600142,
        "IIIZIIZI": 0.12380255285470963,
        "IIIZYZYI": -0.024300610165705606,
        "IIIZXZXI": -0.024300610165705606,
        "IIYYIYYI": 0.026380789380677925,
        "IIXXIYYI": 0.026380789380677925,
        "IIYYIXXI": 0.026380789380677925,
        "IIXXIXXI": 0.026380789380677925,
        "IYZYIIZI": -0.0006095279486287228,
        "IXZXIIZI": -0.0006095279486287228,
        "IYZYYZYI": -0.023250038842357185,
        "IXZXYZYI": -0.023250038842357185,
        "IYZYXZXI": -0.023250038842357185,
        "IXZXXZXI": -0.023250038842357185,
        "YZZYIYYI": -0.009582618212910406,
        "XZZXIYYI": -0.009582618212910406,
        "YZZYIXXI": -0.009582618212910406,
        "XZZXIXXI": -0.009582618212910406,
        "IIZIIIZI": 0.1283209016189493,
        "IIZIYZYI": -0.004296433515690558,
        "IIZIXZXI": -0.004296433515690558,
        "IYYIIYYI": 0.03473752707634398,
        "IXXIIYYI": 0.03473752707634398,
        "IYYIIXXI": 0.03473752707634398,
        "IXXIIXXI": 0.03473752707634398,
        "YZYIIIZI": -0.004296433515690558,
        "XZXIIIZI": -0.004296433515690558,
        "YZYIYZYI": 0.025234370975134184,
        "XZXIYZYI": 0.025234370975134184,
        "YZYIXZXI": 0.025234370975134184,
        "XZXIXZXI": 0.025234370975134184,
        "IZIIIIZI": 0.12677584950946685,
        "IZIIYZYI": -0.005067125645600513,
        "IZIIXZXI": -0.005067125645600513,
        "YYIIIYYI": -0.025840961277999626,
        "XXIIIYYI": -0.025840961277999626,
        "YYIIIXXI": -0.025840961277999626,
        "XXIIIXXI": -0.025840961277999626,
        "ZIIIIIZI": 0.13388469172829529,
        "ZIIIYZYI": -0.028461981357665315,
        "ZIIIXZXI": -0.028461981357665315,
        "IIIIZZII": 0.10153055368316467,
        "IIIZIZII": 0.12847045494496623,
        "IIYYYYII": -0.036011920806379015,
        "IIXXYYII": -0.036011920806379015,
        "IIYYXXII": -0.036011920806379015,
        "IIXXXXII": -0.036011920806379015,
        "IYZYIZII": 0.006251041606289737,
        "IXZXIZII": 0.006251041606289737,
        "YZZYYYII": -0.011619344420566051,
        "XZZXYYII": -0.011619344420566051,
        "YZZYXXII": -0.011619344420566051,
        "XZZXXXII": -0.011619344420566051,
        "IIZIIZII": 0.12677584950946685,
        "IYYIYYII": -0.02584096127799962,
        "IXXIYYII": -0.02584096127799962,
        "IYYIXXII": -0.02584096127799962,
        "IXXIXXII": -0.02584096127799962,
        "YZYIIZII": -0.005067125645600513,
        "XZXIIZII": -0.005067125645600513,
        "IZIIIZII": 0.1336870844219993,
        "YYIIYYII": 0.03932399030984753,
        "XXIIYYII": 0.03932399030984753,
        "YYIIXXII": 0.03932399030984753,
        "XXIIXXII": 0.03932399030984753,
        "ZIIIIZII": 0.1408545439930122,
        "IIIZZIII": 0.15110596894641612,