{
	"2": {
		"1": [
			0.903775923256299,
			0.25581139936952274,
			0.15607684317980802,
			0.07607806292192194,
			0.032074085059199134,
			0.9188563993601717,
			0.32552676959137944,
			0.6022083633797544,
			0.38274032986675516,
			0.03438324710683634,
			0.2871258191965583,
			0.40406333198626737,
			0.7759542877816248,
			0.8394619022055387,
			-0.027626458175834465
		],
		"2": [
			0.9537161257993118,
			0.20587119682650995,
			0.10613664063679523,
			0.026137860378909153,
			-0.017866117483813657,
			0.8689161968171589,
			0.37546697213439223,
			0.5522681608367416,
			0.43268053240976795,
			-0.015556955436176453,
			0.23718561665354548,
			0.45400353452928016,
			0.8258944903246376,
			0.8894021047485515,
			0.022313744367178326
		],
		"3": [
			0.9623229850029533,
			0.19726433762286835,
			0.11474349984043683,
			0.017531001175267555,
			-0.026472976687455255,
			0.8603093376135174,
			0.3668601129307506,
			0.5608750200403831,
			0.4412873916134096,
			-0.006950096232534855,
			0.22857875744990389,
			0.44539667532563854,
			0.817287631120996,
			0.88079524554491,
			0.030920603570819924
		],
		"4": [
			0.9558078789296096,
			0.1907492315495247,
			0.1212586059137805,
			0.024046107248611226,
			-0.032988082760798926,
			0.8537942315401736,
			0.37337521900409426,
			0.5673901261137269,
			0.4347722855400659,
			-0.013465202305878526,
			0.22206365137656023,
			0.4388815692522949,
			0.8238027371943397,
			0.8873103516182537,
			0.037435709644163595
		],
		"5": [
			0.9704951852940327,
			0.2054365379139478,
			0.1065712995493574,
			0.00935880088418812,
			-0.01830077639637582,
			0.8684815379045967,
			0.35868791263967115,
			0.5820774324781499,
			0.4200849791756428,
			-0.028152508670301633,
			0.23675095774098334,
			0.42419426288787176,
			0.8091154308299167,
			0.9019976579826767,
			0.022748403279740488
		],
		"6": [
			0.9616726300558346,
			0.2142590931521459,
			0.11539385478755548,
			0.0005362456459900439,
			-0.027123331634573894,
			0.8596589826663986,
			0.36751046787786923,
			0.590899987716348,
			0.4112624239374447,
			-0.03697506390849971,
			0.22792840250278526,
			0.4153717076496737,
			0.8179379860681147,
			0.8931751027444786,
			0.013925848041542411
		],
		"7": [
			0.9699691936622068,
			0.22255565675851813,
			0.10709729118118325,
			-0.007760317960382193,
			-0.018826768028201657,
			0.8679555462727708,
			0.359213904271497,
			0.5826034241099758,
			0.4029658603310725,
			-0.02867850030212747,
			0.2362249661091575,
			0.4070751440433015,
			0.826234549674487,
			0.8848785391381064,
			0.02222241164791465
		],
		"8": [
			0.9472673663001389,
			0.19985382939645016,
			0.08439546381911528,
			0.014941509401685767,
			-0.04152859539026962,
			0.8452537189107029,
			0.38191573163356496,
			0.5599015967479078,
			0.42566768769314045,
			-0.05138032766419543,
			0.25892679347122544,
			0.38437331668123353,
			0.8489363770365549,
			0.8621767117760385,
			0.04492423900998261
		],
		"9": [
			0.940833262153157,
			0.206287933543432,
			0.07796135967213344,
			0.021375613548667613,
			-0.04796269953725146,
			0.838819614763721,
			0.3883498357805468,
			0.553467492600926,
			0.4192335835461586,
			-0.05781443181117728,
			0.2653608976182073,
			0.3908074208282154,
			0.842502272889573,
			0.8557426076290566,
			0.03849013486300076
		],
		"10": [
			0.922593627965829,
			0.22452756773075996,
			0.05972172548480547,
			0.0031359793613396428,
			-0.029723065349923493,
			0.820579980576393,
			0.37011020159321883,
			0.535227858413598,
			0.4374732177334866,
			-0.07605406599850525,
			0.2836005318055353,
			0.4090470550155434,
			0.824262638702245,
			0.8375029734417286,
			0.020250500675672793
		]
	}
}